Itemset,Support,Count,ItemNames
"277",0.004197,143,"277 "Great English Muffins"
"1352",0.004109,140,"1352 "Carrington Ice Cream"
"846",0.004050,138,"846 "Nationeel Fudge Brownies"
"865",0.004050,138,"865 "Nationeel Dried Apples"
"319",0.004021,137,"319 "Excellent Orange Juice"
"827",0.004021,137,"827 "Ebony Mixed Nuts"
"1297",0.004021,137,"1297 "Booker String Cheese"
"440",0.003992,136,"440 "Steady Childrens Cold Remedy"
"382",0.003962,135,"382 "Moms Roasted Chicken"
"274",0.003933,134,"274 "Great Pumpernickel Bread"
"284",0.003933,134,"284 "Super Chunky Peanut Butter"
"342",0.003904,133,"342 "Better Canned Tuna in Oil"
"872",0.003874,132,"872 "Nationeel Golden Raisins"
"1413",0.003874,132,"1413 "Gerolli Extra Lean Hamburger"
"373",0.003845,131,"373 "Carlson Blueberry Yogurt"
"820",0.003845,131,"820 "Ebony Red Delcious Apples"
"877",0.003845,131,"877 "Thresher Malted Milk Balls"
"1345",0.003816,130,"1345 "Carrington Turkey TV Dinner"
"386",0.003816,130,"386 "Moms Potato Salad"
"1397",0.003816,130,"1397 "Sunset Paper Towels"
"1252",0.003786,129,"1252 "Skinner Strawberry Drink"
"325",0.003786,129,"325 "Best Wheat Puffs"
"333",0.003786,129,"333 "Better Canned Tomatos"
"1308",0.003757,128,"1308 "Booker 1% Milk"
"376",0.003757,128,"376 "Moms Beef Bologna"
"309",0.003757,128,"309 "Super Extra Chunky Peanut Butter"
"345",0.003757,128,"345 "Better Fancy Canned Clams"
"368",0.003757,128,"368 "Carlson Buttermilk"
"1133",0.003757,128,"1133 "Tri-State Almonds"
"1380",0.003757,128,"1380 "Hilltop Mint Mouthwash"
"502",0.003757,128,"502 "Tell Tale Fresh Lima Beans"
"340",0.003757,128,"340 "Better Chicken Ramen Soup"
"1388",0.003757,128,"1388 "Sunset Paper Plates"
"351",0.003757,128,"351 "ADJ Rosy Sunglasses"
"1525",0.003757,128,"1525 "Modell Rye Bread"
"330",0.003728,127,"330 "Better Chicken Soup"
"356",0.003728,127,"356 "Carlson Sour Cream"
"269",0.003728,127,"269 "Good Chablis Wine"
"336",0.003728,127,"336 "Better Chicken Noodle Soup"
"1440",0.003728,127,"1440 "Hermanos Fresh Lima Beans"
"300",0.003728,127,"300 "Super Salt"
"352",0.003728,127,"352 "Black Tie Eyeglass Screwdriver"
"361",0.003728,127,"361 "Carlson Havarti Cheese"
"232",0.003728,127,"232 "Best Choice Salsa Dip"
"1428",0.003698,126,"1428 "Hermanos Green Pepper"
"248",0.003698,126,"248 "Best Choice Dried Dates"
"964",0.003698,126,"964 "Just Right Turkey Noodle Soup"
"1431",0.003698,126,"1431 "Hermanos Elephant Garlic"
"913",0.003698,126,"913 "BBB Best Brown Sugar"
"426",0.003698,126,"426 "Steady Whitening Toothpast"
"884",0.003698,126,"884 "Monarch Manicotti"
"287",0.003698,126,"287 "Super White Sugar"
"323",0.003698,126,"323 "Best Oatmeal"
"1362",0.003669,125,"1362 "Hilltop Silky Smooth Hair Conditioner"
"360",0.003669,125,"360 "Carlson Low Fat String Cheese"
"435",0.003669,125,"435 "Steady 200 MG Ibuprofen"
"729",0.003669,125,"729 "Imagine Frozen Corn"
"1434",0.003669,125,"1434 "Hermanos Potatos"
"878",0.003669,125,"878 "Thresher Semi-Sweet Chocolate Bar"
"297",0.003669,125,"297 "Super Strawberry Jelly"
"282",0.003669,125,"282 "Great Wheat Bread"
"408",0.003669,125,"408 "Big Time Chicken TV Dinner"
"403",0.003640,124,"403 "Big Time Frozen Cheese Pizza"
"751",0.003640,124,"751 "Consolidated Childrens Cold Remedy"
"1180",0.003640,124,"1180 "Horatio Frosted Cookies"
"1557",0.003640,124,"1557 "CDR Strawberry Preserves"
"239",0.003640,124,"239 "Best Choice Chocolate Donuts"
"1360",0.003640,124,"1360 "Carrington Frozen Chicken Wings"
"444",0.003640,124,"444 "Red Wing Plastic Forks"
"436",0.003640,124,"436 "Steady 200 MG Acetominifen"
"999",0.003640,124,"999 "Even Better Strawberry Yogurt"
"1445",0.003640,124,"1445 "Hermanos Macintosh Apples"
"175",0.003640,124,"175 "High Top New Potatos"
"899",0.003640,124,"899 "Pearl White Zinfandel Wine"
"1191",0.003640,124,"1191 "Musial Tasty Candy Bar"
"813",0.003640,124,"813 "Ebony Fresh Lima Beans"
"1195",0.003640,124,"1195 "Musial Bubble Gum"
"868",0.003640,124,"868 "Nationeel Raspberry Fruit Roll"
"533",0.003640,124,"533 "Fast Chocolate Chip Cookies"
"1451",0.003610,123,"1451 "Hermanos Peaches"
"231",0.003610,123,"231 "Best Choice Low Fat Popcorn"
"571",0.003610,123,"571 "Atomic White Chocolate Bar"
"500",0.003610,123,"500 "Tell Tale Baby Onion"
"457",0.003610,123,"457 "Red Wing AA-Size Batteries"
"463",0.003610,123,"463 "Red Wing Tissues"
"801",0.003610,123,"801 "Ebony Green Pepper"
"867",0.003610,123,"867 "Nationeel Strawberry Fruit Roll"
"1343",0.003610,123,"1343 "Carrington Apple Cinnamon Waffles"
"855",0.003610,123,"855 "Nationeel Avocado Dip"
"172",0.003610,123,"172 "High Top Corn on the Cob"
"714",0.003610,123,"714 "Imagine Frozen Cheese Pizza"
"1540",0.003610,123,"1540 "CDR Vegetable Oil"
"655",0.003610,123,"655 "Bravo Fancy Canned Anchovies"
"887",0.003610,123,"887 "Monarch Rice Medly"
"1284",0.003610,123,"1284 "Pleasant Fancy Canned Oysters"
"880",0.003610,123,"880 "Thresher Spicy Mints"
"341",0.003581,122,"341 "Better Canned Tuna in Water"
"320",0.003581,122,"320 "Excellent Cranberry Juice"
"266",0.003581,122,"266 "Good Imported Beer"
"1353",0.003581,122,"1353 "Carrington Ice Cream Sandwich"
"1104",0.003581,122,"1104 "Mighty Good Monthly Sports Magazine"
"329",0.003581,122,"329 "Better Canned String Beans"
"268",0.003581,122,"268 "Good Chardonnay Wine"
"1409",0.003581,122,"1409 "Sunset Economy Toilet Brush"
"380",0.003581,122,"380 "Moms Low Fat Cole Slaw"
"1041",0.003581,122,"1041 "PigTail Ice Cream"
"344",0.003581,122,"344 "Better Fancy Canned Anchovies"
"731",0.003581,122,"731 "Imagine Popsicles"
"1215",0.003581,122,"1215 "Sphinx English Muffins"
"1259",0.003581,122,"1259 "Skinner Apple Juice"
"223",0.003581,122,"223 "Best Choice Fudge Cookies"
"794",0.003581,122,"794 "Ebony Corn on the Cob"
"374",0.003581,122,"374 "Moms Chicken Hot Dogs"
"1370",0.003581,122,"1370 "Hilltop Apricot Shampoo"
"250",0.003581,122,"250 "Best Choice Golden Raisins"
"733",0.003581,122,"733 "Imagine Frozen Chicken Wings"
"392",0.003581,122,"392 "Urban Egg Substitute"
"1182",0.003581,122,"1182 "Horatio Apple Fruit Roll"
"1382",0.003581,122,"1382 "Sunset Plastic Forks"
"455",0.003581,122,"455 "Red Wing Glass Cleaner"
"348",0.003552,121,"348 "Better Rice Soup"
"1416",0.003552,121,"1416 "Gauss Monthly Auto Magazine"
"1217",0.003552,121,"1217 "Sphinx Muffins"
"1333",0.003552,121,"1333 "Carrington Frozen Chicken Breast"
"928",0.003552,121,"928 "BBB Best Apple Butter"
"334",0.003552,121,"334 "Better Noodle Soup"
"305",0.003552,121,"305 "Super Apple Jam"
"1347",0.003552,121,"1347 "Carrington Beef TV Dinner"
"879",0.003552,121,"879 "Thresher Bubble Gum"
"924",0.003552,121,"924 "BBB Best Strawberry Jelly"
"973",0.003552,121,"973 "Just Right Fancy Canned Oysters"
"1287",0.003552,121,"1287 "Toucan Canned Mixed Fruit"
"803",0.003552,121,"803 "Ebony Lettuce"
"165",0.003552,121,"165 "Ship Shape Seasoned Hamburger"
"753",0.003552,121,"753 "Consolidated Mint Mouthwash"
"762",0.003552,121,"762 "Cormorant Paper Cups"
"849",0.003552,121,"849 "Nationeel Graham Crackers"
"393",0.003552,121,"393 "Big Time Low Fat Waffles"
"1467",0.003552,121,"1467 "Fort West BBQ Potato Chips"
"631",0.003552,121,"631 "Token Cranberry Juice"
"711",0.003552,121,"711 "Imagine Fajita French Fries"
"389",0.003552,121,"389 "Urban Large Brown Eggs"
"754",0.003552,121,"754 "Cormorant 60 Watt Lightbulb"
"350",0.003552,121,"350 "Swell Canned Peaches"
"510",0.003552,121,"510 "Tell Tale Lemons"
"1139",0.003522,120,"1139 "Tri-State Plums"
"310",0.003522,120,"310 "Super Apple Preserves"
"612",0.003522,120,"612 "Landslide Apple Butter"
"715",0.003522,120,"715 "Imagine Frozen Mushroom Pizza"
"492",0.003522,120,"492 "Tell Tale Lettuce"
"1367",0.003522,120,"1367 "Hilltop Conditioning Shampoo"
"1184",0.003522,120,"1184 "Horatio Raspberry Fruit Roll"
"735",0.003522,120,"735 "Consolidated Silky Smooth Hair Conditioner"
"1436",0.003522,120,"1436 "Hermanos Tomatos"
"429",0.003522,120,"429 "Steady Conditioning Shampoo"
"315",0.003522,120,"315 "Excellent Cream Soda"
"363",0.003522,120,"363 "Carlson Cheese Spread"
"505",0.003522,120,"505 "Tell Tale Firm Tofu"
"1056",0.003522,120,"1056 "Bird Call Conditioning Shampoo"
"993",0.003522,120,"993 "Even Better Large Curd Cottage Cheese"
"518",0.003522,120,"518 "Tell Tale Sweet Onion"
"388",0.003522,120,"388 "Urban Small Brown Eggs"
"814",0.003522,120,"814 "Ebony Squash"
"1366",0.003522,120,"1366 "Hilltop Deodorant"
"280",0.003522,120,"280 "Great Bagels"
"941",0.003522,120,"941 "Fabulous Strawberry Drink"
"1441",0.003522,120,"1441 "Hermanos Squash"
"602",0.003522,120,"602 "Landslide Vegetable Oil"
"454",0.003522,120,"454 "Red Wing Counter Cleaner"
"303",0.003522,120,"303 "Super Apple Jelly"
"988",0.003522,120,"988 "Even Better Havarti Cheese"
"663",0.003522,120,"663 "Akron Eyeglass Screwdriver"
"946",0.003522,120,"946 "Fabulous Orange Juice"
"1393",0.003522,120,"1393 "Sunset Glass Cleaner"
"1356",0.003493,119,"1356 "Carrington Frozen Corn"
"893",0.003493,119,"893 "Pearl Imported Beer"
"1279",0.003493,119,"1279 "Pleasant Canned Tuna in Water"
"1062",0.003493,119,"1062 "Bird Call 200 MG Ibuprofen"
"313",0.003493,119,"313 "Excellent Mango Drink"
"876",0.003493,119,"876 "Thresher Mint Chocolate Bar"
"470",0.003493,119,"470 "Red Wing Copper Pot Scrubber"
"364",0.003493,119,"364 "Carlson Sharp Cheddar Cheese"
"1427",0.003493,119,"1427 "Hermanos Onions"
"1172",0.003493,119,"1172 "Horatio Salted Pretzels"
"410",0.003493,119,"410 "Big Time Pancake Mix"
"375",0.003493,119,"375 "Moms Pimento Loaf"
"858",0.003493,119,"858 "Nationeel Fondue Mix"
"480",0.003493,119,"480 "Dollar Monthly Home Magazine"
"947",0.003493,119,"947 "Fabulous Cranberry Juice"
"915",0.003493,119,"915 "BBB Best French Roast Coffee"
"1446",0.003493,119,"1446 "Hermanos Golden Delcious Apples"
"1318",0.003493,119,"1318 "Lake Low Fat Cole Slaw"
"1374",0.003493,119,"1374 "Hilltop 200 MG Acetominifen"
"275",0.003493,119,"275 "Great White Bread"
"88",0.003493,119,"88 "Golden Blueberry Waffles"
"1365",0.003493,119,"1365 "Hilltop Toothpaste"
"848",0.003493,119,"848 "Nationeel Lemon Cookies"
"362",0.003493,119,"362 "Carlson Head Cheese"
"421",0.003493,119,"421 "Big Time Frozen Chicken Thighs"
"1331",0.003493,119,"1331 "Carrington Low Fat Waffles"
"1291",0.003493,119,"1291 "Framton City Map"
"281",0.003463,118,"281 "Great Blueberry Muffins"
"97",0.003463,118,"97 "Golden Chicken TV Dinner"
"307",0.003463,118,"307 "Super Creamy Peanut Butter"
"1123",0.003463,118,"1123 "Tri-State Potatos"
"657",0.003463,118,"657 "Bravo Fancy Canned Oysters"
"869",0.003463,118,"869 "Nationeel Grape Fruit Roll"
"624",0.003463,118,"624 "Token Mango Drink"
"387",0.003463,118,"387 "Moms Sliced Chicken"
"95",0.003463,118,"95 "Golden Frozen Carrots"
"1274",0.003463,118,"1274 "Pleasant Chicken Noodle Soup"
"767",0.003463,118,"767 "Cormorant 25 Watt Lightbulb"
"1257",0.003463,118,"1257 "Skinner Orange Juice"
"1337",0.003463,118,"1337 "Carrington Blueberry Waffles"
"349",0.003463,118,"349 "Swell Canned Mixed Fruit"
"1376",0.003463,118,"1376 "Hilltop Dishwasher Detergent"
"411",0.003463,118,"411 "Big Time Grape Popsicles"
"369",0.003463,118,"369 "Carlson Chocolate Milk"
"1335",0.003463,118,"1335 "Carrington Low Fat French Fries"
"1218",0.003463,118,"1218 "Sphinx Bagels"
"750",0.003463,118,"750 "Consolidated Multi-Symptom Cold Remedy"
"230",0.003463,118,"230 "Best Choice No Salt Popcorn"
"1368",0.003463,118,"1368 "Hilltop Extra Moisture Shampoo"
"452",0.003463,118,"452 "Red Wing 75 Watt Lightbulb"
"301",0.003463,118,"301 "Super Apple Butter"
"92",0.003463,118,"92 "Golden Frozen Cheese Pizza"
"1235",0.003463,118,"1235 "Plato Strawberry Jelly"
"456",0.003463,118,"456 "Red Wing 25 Watt Lightbulb"
"276",0.003463,118,"276 "Great Rye Bread"
"394",0.003463,118,"394 "Big Time Orange Popsicles"
"1454",0.003434,117,"1454 "Hermanos Mixed Nuts"
"128",0.003434,117,"128 "Faux Products Multi-Symptom Cold Remedy"
"605",0.003434,117,"605 "Landslide Canola Oil"
"1304",0.003434,117,"1304 "Booker Large Curd Cottage Cheese"
"1372",0.003434,117,"1372 "Hilltop Buffered Aspirin"
"773",0.003434,117,"773 "Cormorant Toilet Paper"
"471",0.003434,117,"471 "Red Wing Economy Toilet Brush"
"1108",0.003434,117,"1108 "Mighty Good Monthly Fashion Magazine"
"948",0.003434,117,"948 "Fabulous Apple Juice"
"460",0.003434,117,"460 "Red Wing Soft Napkins"
"353",0.003434,117,"353 "Black Tie City Map"
"236",0.003434,117,"236 "Best Choice Fondue Mix"
"896",0.003434,117,"896 "Pearl Chablis Wine"
"829",0.003434,117,"829 "Ebony Sweet Onion"
"866",0.003434,117,"866 "Nationeel Apple Fruit Roll"
"405",0.003434,117,"405 "Big Time Apple Cinnamon Waffles"
"761",0.003434,117,"761 "Cormorant Paper Plates"
"483",0.003434,117,"483 "Tell Tale Corn on the Cob"
"212",0.003434,117,"212 "High Top Oranges"
"1387",0.003434,117,"1387 "Sunset AAA-Size Batteries"
"1147",0.003434,117,"1147 "Tri-State Honey Dew"
"661",0.003434,117,"661 "Applause Canned Peaches"
"1349",0.003434,117,"1349 "Carrington Grape Popsicles"
"265",0.003434,117,"265 "Medalist Rice Medly"
"132",0.003434,117,"132 "Denny 60 Watt Lightbulb"
"1520",0.003434,117,"1520 "Top Measure Chardonnay"
"451",0.003434,117,"451 "Red Wing Paper Cups"
"273",0.003434,117,"273 "Good Light Beer"
"1461",0.003434,117,"1461 "Hermanos Oranges"
"1092",0.003434,117,"1092 "High Quality Room Freshener"
"1342",0.003434,117,"1342 "Carrington Frozen Mushroom Pizza"
"1324",0.003434,117,"1324 "Lake Potato Salad"
"787",0.003434,117,"787 "Footnote Seasoned Hamburger"
"1091",0.003434,117,"1091 "High Quality Scented Toilet Tissue"
"786",0.003434,117,"786 "Footnote Extra Lean Hamburger"
"1340",0.003434,117,"1340 "Carrington Frozen Pepperoni Pizza"
"432",0.003434,117,"432 "Steady Apricot Shampoo"
"446",0.003434,117,"446 "Red Wing Plastic Knives"
"1339",0.003405,116,"1339 "Carrington Waffles"
"1390",0.003405,116,"1390 "Sunset 75 Watt Lightbulb"
"920",0.003405,116,"920 "BBB Best Tomato Sauce"
"847",0.003405,116,"847 "Nationeel Potato Chips"
"618",0.003405,116,"618 "Landslide Creamy Peanut Butter"
"423",0.003405,116,"423 "Big Time Lemon Popsicles"
"1128",0.003405,116,"1128 "Tri-State Dried Mushrooms"
"812",0.003405,116,"812 "Ebony Dried Mushrooms"
"1371",0.003405,116,"1371 "Hilltop Childrens Aspirin"
"1251",0.003405,116,"1251 "Skinner Mango Drink"
"332",0.003405,116,"332 "Better Vegetable Soup"
"1444",0.003405,116,"1444 "Hermanos Almonds"
"1110",0.003405,116,"1110 "Tri-State Corn on the Cob"
"1500",0.003405,116,"1500 "Fort West Dried Apricots"
"1178",0.003405,116,"1178 "Horatio Low Fat Chips"
"1173",0.003405,116,"1173 "Horatio Cheese Dip"
"1135",0.003405,116,"1135 "Tri-State Golden Delcious Apples"
"1140",0.003405,116,"1140 "Tri-State Peaches"
"967",0.003405,116,"967 "Just Right Chicken Ramen Soup"
"339",0.003405,116,"339 "Better Canned Peas"
"15",0.003405,116,"15 "Jeffers Grits"
"1369",0.003405,116,"1369 "Hilltop Angled Toothbrush"
"1377",0.003405,116,"1377 "Hilltop Multi-Symptom Cold Remedy"
"1411",0.003405,116,"1411 "Sunset Large Sponge"
"942",0.003405,116,"942 "Fabulous Cream Soda"
"1264",0.003405,116,"1264 "Johnson Grits"
"1432",0.003405,116,"1432 "Hermanos Red Pepper"
"1400",0.003405,116,"1400 "Sunset Toilet Paper"
"1480",0.003405,116,"1480 "Fort West Low Fat Popcorn"
"1453",0.003405,116,"1453 "Hermanos Mandarin Oranges"
"1063",0.003405,116,"1063 "Bird Call 200 MG Acetominifen"
"665",0.003405,116,"665 "Gorilla Low Fat Cottage Cheese"
"188",0.003405,116,"188 "High Top Mushrooms"
"940",0.003405,116,"940 "Fabulous Mango Drink"
"384",0.003405,116,"384 "Moms Sliced Turkey"
"890",0.003405,116,"890 "Discover Spaghetti"
"834",0.003405,116,"834 "Ebony Oranges"
"932",0.003405,116,"932 "BBB Best Apple Jam"
"1223",0.003375,115,"1223 "Plato Hot Chocolate"
"1200",0.003375,115,"1200 "Colossal Manicotti"
"910",0.003375,115,"910 "BBB Best Sesame Oil"
"785",0.003375,115,"785 "Cormorant Screw Driver"
"1435",0.003375,115,"1435 "Hermanos Cauliflower"
"1556",0.003375,115,"1556 "CDR Creamy Peanut Butter"
"951",0.003375,115,"951 "Special Corn Puffs"
"122",0.003375,115,"122 "Faux Products Childrens Aspirin"
"1161",0.003375,115,"1161 "Horatio Fudge Cookies"
"357",0.003375,115,"357 "Carlson Jack Cheese"
"431",0.003375,115,"431 "Steady Angled Toothbrush"
"416",0.003375,115,"416 "Big Time Frozen Cauliflower"
"1143",0.003375,115,"1143 "Tri-State Mixed Nuts"
"367",0.003375,115,"367 "Carlson 2% Milk"
"1450",0.003375,115,"1450 "Hermanos Plums"
"1549",0.003375,115,"1549 "CDR Salt"
"425",0.003375,115,"425 "Steady Tartar Control Toothpaste"
"418",0.003375,115,"418 "Big Time Frozen Corn"
"1225",0.003375,115,"1225 "Plato White Sugar"
"1052",0.003375,115,"1052 "Bird Call Tartar Control Toothpaste"
"853",0.003375,115,"853 "Nationeel Low Fat Popcorn"
"1283",0.003375,115,"1283 "Pleasant Fancy Canned Clams"
"1177",0.003375,115,"1177 "Horatio Chocolate Donuts"
"1211",0.003375,115,"1211 "Portsmouth Light Beer"
"1421",0.003375,115,"1421 "Hermanos Corn on the Cob"
"730",0.003375,115,"730 "Imagine Frozen Peas"
"1102",0.003375,115,"1102 "Genteel Extra Lean Hamburger"
"1226",0.003375,115,"1226 "Plato French Roast Coffee"
"1168",0.003375,115,"1168 "Horatio No Salt Popcorn"
"1389",0.003375,115,"1389 "Sunset Paper Cups"
"1277",0.003375,115,"1277 "Pleasant Canned Peas"
"1448",0.003375,115,"1448 "Hermanos Lemons"
"192",0.003375,115,"192 "High Top Squash"
"680",0.003346,114,"680 "Gorilla Chocolate Milk"
"379",0.003346,114,"379 "Moms Foot-Long Hot Dogs"
"1299",0.003346,114,"1299 "Booker Havarti Cheese"
"437",0.003346,114,"437 "Steady HCL Nasal Spray"
"1197",0.003346,114,"1197 "Musial Mints"
"916",0.003346,114,"916 "BBB Best Decaf Coffee"
"694",0.003346,114,"694 "Cutting Edge Corned Beef"
"19",0.003346,114,"19 "Blue Label Chicken Soup"
"1008",0.003346,114,"1008 "American Cole Slaw"
"371",0.003346,114,"371 "Carlson Whole Milk"
"919",0.003346,114,"919 "BBB Best Corn Oil"
"304",0.003346,114,"304 "Super Grape Jam"
"399",0.003346,114,"399 "Big Time Blueberry Waffles"
"978",0.003346,114,"978 "Symphony Rosy Sunglasses"
"859",0.003346,114,"859 "Nationeel Mini Donuts"
"1521",0.003346,114,"1521 "Top Measure White Zinfandel Wine"
"745",0.003346,114,"745 "Consolidated Buffered Aspirin"
"1417",0.003346,114,"1417 "Gauss Monthly Computer Magazine"
"243",0.003346,114,"243 "Best Choice Dried Apples"
"1373",0.003346,114,"1373 "Hilltop 200 MG Ibuprofen"
"717",0.003346,114,"717 "Imagine Frozen Carrots"
"1295",0.003346,114,"1295 "Booker Jack Cheese"
"1124",0.003346,114,"1124 "Tri-State Cauliflower"
"779",0.003346,114,"779 "Cormorant Bees Wax Candles"
"1541",0.003346,114,"1541 "CDR Corn Oil"
"285",0.003346,114,"285 "Super Hot Chocolate"
"791",0.003346,114,"791 "Excel Monthly Home Magazine"
"1310",0.003346,114,"1310 "Booker Strawberry Yogurt"
"996",0.003346,114,"996 "Even Better Chocolate Milk"
"521",0.003346,114,"521 "Tell Tale Fuji Apples"
"758",0.003346,114,"758 "Cormorant C-Size Batteries"
"1151",0.003346,114,"1151 "Tri-State Tangerines"
"783",0.003346,114,"783 "Cormorant Scissors"
"424",0.003346,114,"424 "Steady Silky Smooth Hair Conditioner"
"1375",0.003346,114,"1375 "Hilltop HCL Nasal Spray"
"864",0.003346,114,"864 "Nationeel Frosted Cookies"
"1100",0.003346,114,"1100 "High Quality Large Sponge"
"1425",0.003346,114,"1425 "Hermanos Beets"
"1281",0.003346,114,"1281 "Pleasant Large Canned Shrimp"
"949",0.003346,114,"949 "Fabulous Apple Drink"
"1486",0.003346,114,"1486 "Fort West Mini Donuts"
"889",0.003346,114,"889 "Discover Manicotti"
"519",0.003317,113,"519 "Tell Tale Cantelope"
"1272",0.003317,113,"1272 "Pleasant Noodle Soup"
"1035",0.003317,113,"1035 "PigTail Chicken TV Dinner"
"1505",0.003317,113,"1505 "Gulf Coast Semi-Sweet Chocolate Bar"
"1189",0.003317,113,"1189 "Horatio Dried Apricots"
"111",0.003317,113,"111 "Golden Frozen Chicken Wings"
"1420",0.003317,113,"1420 "Hermanos Summer Squash"
"841",0.003317,113,"841 "Nationeel Corn Chips"
"1237",0.003317,113,"1237 "Plato Low Fat Apple Butter"
"885",0.003317,113,"885 "Monarch Spaghetti"
"402",0.003317,113,"402 "Big Time Frozen Pepperoni Pizza"
"760",0.003317,113,"760 "Cormorant AAA-Size Batteries"
"1325",0.003317,113,"1325 "Lake Sliced Chicken"
"1399",0.003317,113,"1399 "Sunset Scented Tissue"
"678",0.003317,113,"678 "Gorilla 2% Milk"
"547",0.003317,113,"547 "Fast Fondue Mix"
"1113",0.003317,113,"1113 "Tri-State New Potatos"
"377",0.003317,113,"377 "Moms Low Fat Bologna"
"1474",0.003317,113,"1474 "Fort West Potato Chips"
"1408",0.003317,113,"1408 "Sunset Copper Pot Scrubber"
"1145",0.003317,113,"1145 "Tri-State Sweet Onion"
"155",0.003317,113,"155 "Denny Frying Pan"
"138",0.003317,113,"138 "Denny AAA-Size Batteries"
"449",0.003317,113,"449 "Red Wing AAA-Size Batteries"
"1412",0.003317,113,"1412 "Sunset Screw Driver"
"1220",0.003317,113,"1220 "Sphinx Wheat Bread"
"1386",0.003317,113,"1386 "Sunset 100 Watt Lightbulb"
"1429",0.003317,113,"1429 "Hermanos Shitake Mushrooms"
"570",0.003317,113,"570 "Atomic Mints"
"1443",0.003317,113,"1443 "Hermanos Firm Tofu"
"465",0.003317,113,"465 "Red Wing Room Freshener"
"27",0.003317,113,"27 "Blue Label Beef Soup"
"1415",0.003317,113,"1415 "Gauss Monthly Sports Magazine"
"1392",0.003317,113,"1392 "Sunset Counter Cleaner"
"477",0.003287,112,"477 "Dollar Monthly Sports Magazine"
"1141",0.003287,112,"1141 "Tri-State Broccoli"
"486",0.003287,112,"486 "Tell Tale New Potatos"
"1484",0.003287,112,"1484 "Fort West Cheese Dip"
"707",0.003287,112,"707 "Imagine Frozen Pancakes"
"825",0.003287,112,"825 "Ebony Broccoli"
"1248",0.003287,112,"1248 "Plato Apple Preserves"
"1487",0.003287,112,"1487 "Fort West Beef Jerky"
"317",0.003287,112,"317 "Excellent Cola"
"1083",0.003287,112,"1083 "High Quality 25 Watt Lightbulb"
"252",0.003287,112,"252 "Best Choice Frosted Donuts"
"1401",0.003287,112,"1401 "Sunset Tissues"
"900",0.003287,112,"900 "Pearl Light Beer"
"875",0.003287,112,"875 "Thresher Tasty Candy Bar"
"818",0.003287,112,"818 "Ebony Macintosh Apples"
"1159",0.003287,112,"1159 "Horatio Sugar Cookies"
"1196",0.003287,112,"1196 "Musial Spicy Mints"
"1243",0.003287,112,"1243 "Plato Apple Jam"
"553",0.003287,112,"553 "Fast Frosted Cookies"
"544",0.003287,112,"544 "Fast Avocado Dip"
"958",0.003287,112,"958 "Just Right Canned Yams"
"903",0.003287,112,"903 "Fantastic Rye Bread"
"118",0.003287,112,"118 "Faux Products Conditioning Shampoo"
"531",0.003287,112,"531 "Fast Low Fat BBQ Chips"
"980",0.003287,112,"980 "James Bay City Map"
"107",0.003287,112,"107 "Golden Frozen Corn"
"835",0.003287,112,"835 "Ebony Tangerines"
"1192",0.003287,112,"1192 "Musial Mint Chocolate Bar"
"179",0.003287,112,"179 "High Top Green Pepper"
"264",0.003287,112,"264 "Medalist Thai Rice"
"1438",0.003287,112,"1438 "Hermanos Baby Onion"
"861",0.003287,112,"861 "Nationeel Chocolate Donuts"
"654",0.003287,112,"654 "Bravo Large Canned Shrimp"
"413",0.003287,112,"413 "Big Time Lime Popsicles"
"1313",0.003287,112,"1313 "Lake Pimento Loaf"
"1230",0.003287,112,"1230 "Plato Corn Oil"
"498",0.003287,112,"498 "Tell Tale Tomatos"
"658",0.003287,112,"658 "Bravo Fancy Canned Sardines"
"479",0.003287,112,"479 "Dollar Monthly Computer Magazine"
"822",0.003287,112,"822 "Ebony Fancy Plums"
"1205",0.003287,112,"1205 "Portsmouth Light Wine"
"555",0.003287,112,"555 "Fast Apple Fruit Roll"
"1398",0.003287,112,"1398 "Sunset Soft Napkins"
"817",0.003258,111,"817 "Ebony Almonds"
"1085",0.003258,111,"1085 "High Quality D-Size Batteries"
"696",0.003258,111,"696 "Cutting Edge Sliced Ham"
"546",0.003258,111,"546 "Fast Cheese Dip"
"837",0.003258,111,"837 "Curlew Lox"
"833",0.003258,111,"833 "Ebony Walnuts"
"124",0.003258,111,"124 "Faux Products 200 MG Ibuprofen"
"395",0.003258,111,"395 "Big Time Frozen Chicken Breast"
"159",0.003258,111,"159 "Denny Copper Pot Scrubber"
"1120",0.003258,111,"1120 "Tri-State Elephant Garlic"
"870",0.003258,111,"870 "Nationeel Dried Dates"
"504",0.003258,111,"504 "Tell Tale Limes"
"121",0.003258,111,"121 "Faux Products Apricot Shampoo"
"400",0.003258,111,"400 "Big Time Fajita French Fries"
"359",0.003258,111,"359 "Carlson String Cheese"
"1179",0.003258,111,"1179 "Horatio Sesame Crackers"
"775",0.003258,111,"775 "Cormorant Scented Toilet Tissue"
"740",0.003258,111,"740 "Consolidated Conditioning Shampoo"
"963",0.003258,111,"963 "Just Right Chicken Noodle Soup"
"1093",0.003258,111,"1093 "High Quality Frying Pan"
"1534",0.003258,111,"1534 "CDR Hot Chocolate"
"103",0.003258,111,"103 "Golden Ice Cream"
"1430",0.003258,111,"1430 "Hermanos Lettuce"
"326",0.003258,111,"326 "Best Grits"
"1510",0.003258,111,"1510 "Jardon Ravioli"
"895",0.003258,111,"895 "Pearl Chardonnay Wine"
"1278",0.003258,111,"1278 "Pleasant Chicken Ramen Soup"
"1290",0.003258,111,"1290 "Framton Eyeglass Screwdriver"
"93",0.003258,111,"93 "Golden Frozen Mushroom Pizza"
"295",0.003258,111,"295 "Super Grape Preserves"
"1346",0.003258,111,"1346 "Carrington Chicken TV Dinner"
"398",0.003258,111,"398 "Big Time Frozen Sausage Pizza"
"937",0.003258,111,"937 "BBB Best Apple Preserves"
"952",0.003258,111,"952 "Special Wheat Puffs"
"1236",0.003258,111,"1236 "Plato Pepper"
"737",0.003258,111,"737 "Consolidated Whitening Toothpast"
"649",0.003258,111,"649 "Bravo Beef Soup"
"975",0.003258,111,"975 "Just Right Rice Soup"
"516",0.003258,111,"516 "Tell Tale Mixed Nuts"
"258",0.003258,111,"258 "Choice Spicy Mints"
"983",0.003258,111,"983 "Even Better Sour Cream"
"1222",0.003258,111,"1222 "Plato Chunky Peanut Butter"
"626",0.003258,111,"626 "Token Cream Soda"
"1472",0.003258,111,"1472 "Fort West Fudge Cookies"
"921",0.003258,111,"921 "BBB Best Canola Oil"
"347",0.003258,111,"347 "Better Fancy Canned Sardines"
"417",0.003258,111,"417 "Big Time Frozen Broccoli"
"1166",0.003258,111,"1166 "Horatio Cheese Crackers"
"204",0.003258,111,"204 "High Top Mandarin Oranges"
"209",0.003258,111,"209 "High Top Honey Dew"
"1396",0.003258,111,"1396 "Sunset D-Size Batteries"
"720",0.003258,111,"720 "Imagine Beef TV Dinner"
"1466",0.003258,111,"1466 "Fort West Low Fat Cookies"
"1499",0.003258,111,"1499 "Fort West Golden Raisins"
"904",0.003258,111,"904 "Fantastic English Muffins"
"298",0.003258,111,"298 "Super Pepper"
"141",0.003258,111,"141 "Denny 75 Watt Lightbulb"
"1485",0.003258,111,"1485 "Fort West Fondue Mix"
"806",0.003229,110,"806 "Ebony Garlic"
"171",0.003229,110,"171 "High Top Summer Squash"
"688",0.003229,110,"688 "Cutting Edge Low Fat Bologna"
"1261",0.003229,110,"1261 "Johnson Oatmeal"
"1405",0.003229,110,"1405 "Sunset Copper Cleaner"
"539",0.003229,110,"539 "Fast Cheese Crackers"
"1506",0.003229,110,"1506 "Gulf Coast Bubble Gum"
"808",0.003229,110,"808 "Ebony Cauliflower"
"765",0.003229,110,"765 "Cormorant Counter Cleaner"
"784",0.003229,110,"784 "Cormorant Large Sponge"
"1047",0.003229,110,"1047 "PigTail Popsicles"
"272",0.003229,110,"272 "Good White Zinfandel Wine"
"370",0.003229,110,"370 "Carlson 1% Milk"
"882",0.003229,110,"882 "Thresher White Chocolate Bar"
"475",0.003229,110,"475 "Quick Extra Lean Hamburger"
"1503",0.003229,110,"1503 "Gulf Coast Mint Chocolate Bar"
"1201",0.003229,110,"1201 "Colossal Spaghetti"
"1231",0.003229,110,"1231 "Plato Tomato Sauce"
"1361",0.003229,110,"1361 "Carrington Lemon Popsicles"
"525",0.003229,110,"525 "Tell Tale Party Nuts"
"1322",0.003229,110,"1322 "Lake Sliced Turkey"
"355",0.003229,110,"355 "Carlson Low Fat Sour Cream"
"1152",0.003229,110,"1152 "Tri-State Party Nuts"
"328",0.003229,110,"328 "Better Creamed Corn"
"238",0.003229,110,"238 "Best Choice Beef Jerky"
"538",0.003229,110,"538 "Fast Graham Crackers"
"772",0.003229,110,"772 "Cormorant Scented Tissue"
"1067",0.003229,110,"1067 "Bird Call Childrens Cold Remedy"
"901",0.003229,110,"901 "Fantastic Pumpernickel Bread"
"1204",0.003229,110,"1204 "Portsmouth Imported Beer"
"1099",0.003229,110,"1099 "High Quality Scissors"
"254",0.003229,110,"254 "Choice Mint Chocolate Bar"
"572",0.003229,110,"572 "Shady Lake Ravioli"
"819",0.003229,110,"819 "Ebony Golden Delcious Apples"
"815",0.003229,110,"815 "Ebony Limes"
"233",0.003229,110,"233 "Best Choice Avocado Dip"
"458",0.003229,110,"458 "Red Wing D-Size Batteries"
"337",0.003229,110,"337 "Better Turkey Noodle Soup"
"1214",0.003229,110,"1214 "Sphinx Rye Bread"
"1199",0.003229,110,"1199 "Colossal Ravioli"
"1181",0.003229,110,"1181 "Horatio Dried Apples"
"1095",0.003229,110,"1095 "High Quality Bees Wax Candles"
"73",0.003229,110,"73 "Red Spade Sliced Turkey"
"1165",0.003229,110,"1165 "Horatio Graham Crackers"
"158",0.003229,110,"158 "Denny Silver Cleaner"
"1232",0.003229,110,"1232 "Plato Canola Oil"
"1358",0.003229,110,"1358 "Carrington Popsicles"
"1026",0.003229,110,"1026 "PigTail Blueberry Waffles"
"1213",0.003229,110,"1213 "Sphinx White Bread"
"698",0.003229,110,"698 "Cutting Edge Sliced Chicken"
"130",0.003229,110,"130 "Faux Products Laundry Detergent"
"873",0.003199,109,"873 "Nationeel Dried Apricots"
"780",0.003199,109,"780 "Cormorant Silver Cleaner"
"1288",0.003199,109,"1288 "Toucan Canned Peaches"
"956",0.003199,109,"956 "Just Right Canned String Beans"
"840",0.003199,109,"840 "Nationeel BBQ Potato Chips"
"845",0.003199,109,"845 "Nationeel Fudge Cookies"
"292",0.003199,109,"292 "Super Corn Oil"
"1134",0.003199,109,"1134 "Tri-State Macintosh Apples"
"918",0.003199,109,"918 "BBB Best Vegetable Oil"
"409",0.003199,109,"409 "Big Time Beef TV Dinner"
"755",0.003199,109,"755 "Cormorant Plastic Forks"
"1118",0.003199,109,"1118 "Tri-State Shitake Mushrooms"
"644",0.003199,109,"644 "Bravo Canned Tomatos"
"1282",0.003199,109,"1282 "Pleasant Fancy Canned Anchovies"
"237",0.003199,109,"237 "Best Choice Mini Donuts"
"1028",0.003199,109,"1028 "PigTail Waffles"
"501",0.003199,109,"501 "Tell Tale Dried Mushrooms"
"863",0.003199,109,"863 "Nationeel Sesame Crackers"
"227",0.003199,109,"227 "Best Choice Graham Crackers"
"283",0.003199,109,"283 "Super Sesame Oil"
"1194",0.003199,109,"1194 "Musial Semi-Sweet Chocolate Bar"
"954",0.003199,109,"954 "Just Right Canned Beets"
"1244",0.003199,109,"1244 "Plato Strawberry Jam"
"70",0.003199,109,"70 "Red Spade Cole Slaw"
"1285",0.003199,109,"1285 "Pleasant Fancy Canned Sardines"
"99",0.003199,109,"99 "Golden Pancake Mix"
"1009",0.003199,109,"1009 "American Roasted Chicken"
"1424",0.003199,109,"1424 "Hermanos New Potatos"
"610",0.003199,109,"610 "Landslide Low Fat Apple Butter"
"259",0.003199,109,"259 "Choice Mints"
"1482",0.003199,109,"1482 "Fort West Avocado Dip"
"151",0.003199,109,"151 "Denny Toilet Paper"
"1547",0.003199,109,"1547 "CDR Pepper"
"322",0.003199,109,"322 "Excellent Apple Drink"
"106",0.003199,109,"106 "Golden Frozen Broccoli"
"576",0.003199,109,"576 "Shady Lake Rice Medly"
"1005",0.003199,109,"1005 "American Turkey Hot Dogs"
"677",0.003199,109,"677 "Gorilla Large Curd Cottage Cheese"
"74",0.003199,109,"74 "Red Spade Sliced Ham"
"1528",0.003199,109,"1528 "Modell Muffins"
"278",0.003199,109,"278 "Great Cranberry Muffins"
"1298",0.003199,109,"1298 "Booker Low Fat String Cheese"
"494",0.003199,109,"494 "Tell Tale Red Pepper"
"856",0.003199,109,"856 "Nationeel Salted Pretzels"
"1523",0.003199,109,"1523 "Modell Pumpernickel Bread"
"891",0.003199,109,"891 "Discover Thai Rice"
"1262",0.003199,109,"1262 "Johnson Corn Puffs"
"112",0.003199,109,"112 "Golden Lemon Popsicles"
"725",0.003199,109,"725 "Imagine Ice Cream"
"186",0.003199,109,"186 "High Top Cauliflower"
"1048",0.003170,108,"1048 "PigTail Frozen Chicken Thighs"
"1129",0.003170,108,"1129 "Tri-State Fresh Lima Beans"
"1516",0.003170,108,"1516 "Top Measure Light Wine"
"509",0.003170,108,"509 "Tell Tale Red Delcious Apples"
"600",0.003170,108,"600 "Landslide Decaf Coffee"
"161",0.003170,108,"161 "Denny Scissors"
"29",0.003170,108,"29 "Blue Label Chicken Ramen Soup"
"267",0.003170,108,"267 "Good Light Wine"
"316",0.003170,108,"316 "Excellent Diet Soda"
"12",0.003170,108,"12 "Jeffers Oatmeal"
"1127",0.003170,108,"1127 "Tri-State Baby Onion"
"851",0.003170,108,"851 "Nationeel Buttered Popcorn"
"645",0.003170,108,"645 "Bravo Noodle Soup"
"199",0.003170,108,"199 "High Top Lemons"
"597",0.003170,108,"597 "Landslide Brown Sugar"
"563",0.003170,108,"563 "Fast Frosted Donuts"
"629",0.003170,108,"629 "Token Diet Cola"
"1247",0.003170,108,"1247 "Plato Extra Chunky Peanut Butter"
"1018",0.003170,108,"1018 "National Large Eggs"
"35",0.003170,108,"35 "Blue Label Fancy Canned Oysters"
"420",0.003170,108,"420 "Big Time Popsicles"
"804",0.003170,108,"804 "Ebony Elephant Garlic"
"293",0.003170,108,"293 "Super Tomato Sauce"
"76",0.003170,108,"76 "Red Spade Sliced Chicken"
"1037",0.003170,108,"1037 "PigTail Pancake Mix"
"133",0.003170,108,"133 "Denny Plastic Forks"
"1463",0.003170,108,"1463 "Hermanos Party Nuts"
"306",0.003170,108,"306 "Super Strawberry Jam"
"1391",0.003170,108,"1391 "Sunset Toilet Bowl Cleaner"
"742",0.003170,108,"742 "Consolidated Angled Toothbrush"
"684",0.003170,108,"684 "Gorilla Blueberry Yogurt"
"1011",0.003170,108,"1011 "American Sliced Turkey"
"476",0.003170,108,"476 "Quick Seasoned Hamburger"
"606",0.003170,108,"606 "Landslide Grape Preserves"
"291",0.003170,108,"291 "Super Vegetable Oil"
"892",0.003170,108,"892 "Discover Rice Medly"
"1437",0.003170,108,"1437 "Hermanos Mushrooms"
"419",0.003170,108,"419 "Big Time Frozen Peas"
"991",0.003170,108,"991 "Even Better Sharp Cheddar Cheese"
"235",0.003170,108,"235 "Best Choice Cheese Dip"
"898",0.003170,108,"898 "Pearl Chardonnay"
"1384",0.003170,108,"1384 "Sunset Plastic Knives"
"439",0.003170,108,"439 "Steady Multi-Symptom Cold Remedy"
"1316",0.003170,108,"1316 "Lake Turkey Hot Dogs"
"972",0.003170,108,"972 "Just Right Fancy Canned Clams"
"619",0.003170,108,"619 "Landslide Strawberry Preserves"
"127",0.003170,108,"127 "Faux Products Dishwasher Detergent"
"131",0.003170,108,"131 "Faux Products Mint Mouthwash"
"443",0.003170,108,"443 "Red Wing 60 Watt Lightbulb"
"617",0.003170,108,"617 "Landslide Strawberry Jam"
"1188",0.003170,108,"1188 "Horatio Golden Raisins"
"906",0.003170,108,"906 "Fantastic Muffins"
"105",0.003170,108,"105 "Golden Frozen Cauliflower"
"1107",0.003170,108,"1107 "Mighty Good Monthly Home Magazine"
"917",0.003141,107,"917 "BBB Best Regular Coffee"
"289",0.003141,107,"289 "Super Decaf Coffee"
"1131",0.003141,107,"1131 "Tri-State Limes"
"1039",0.003141,107,"1039 "PigTail Home Style French Fries"
"802",0.003141,107,"802 "Ebony Shitake Mushrooms"
"1029",0.003141,107,"1029 "PigTail Frozen Pepperoni Pizza"
"704",0.003141,107,"704 "Imagine Low Fat Waffles"
"738",0.003141,107,"738 "Consolidated Toothpaste"
"263",0.003141,107,"263 "Medalist Spaghetti"
"1094",0.003141,107,"1094 "High Quality Copper Cleaner"
"1329",0.003141,107,"1329 "Giant Large Eggs"
"797",0.003141,107,"797 "Ebony New Potatos"
"799",0.003141,107,"799 "Ebony Prepared Salad"
"1334",0.003141,107,"1334 "Carrington Frozen Pancakes"
"1403",0.003141,107,"1403 "Sunset Room Freshener"
"1268",0.003141,107,"1268 "Pleasant Chicken Soup"
"441",0.003141,107,"441 "Steady Laundry Detergent"
"213",0.003141,107,"213 "High Top Tangerines"
"224",0.003141,107,"224 "Best Choice Fudge Brownies"
"137",0.003141,107,"137 "Denny 100 Watt Lightbulb"
"686",0.003141,107,"686 "Cutting Edge Pimento Loaf"
"580",0.003141,107,"580 "Walrus Chablis Wine"
"934",0.003141,107,"934 "BBB Best Creamy Peanut Butter"
"676",0.003141,107,"676 "Gorilla Mild Cheddar Cheese"
"1328",0.003141,107,"1328 "Giant Small Eggs"
"1395",0.003141,107,"1395 "Sunset AA-Size Batteries"
"1311",0.003141,107,"1311 "Booker Blueberry Yogurt"
"987",0.003141,107,"987 "Even Better Low Fat String Cheese"
"85",0.003141,107,"85 "Golden Frozen Pancakes"
"117",0.003141,107,"117 "Faux Products Deodorant"
"1530",0.003141,107,"1530 "Modell Blueberry Muffins"
"637",0.003141,107,"637 "Radius Grits"
"24",0.003141,107,"24 "Blue Label Regular Ramen Soup"
"1190",0.003141,107,"1190 "Horatio Frosted Donuts"
"450",0.003141,107,"450 "Red Wing Paper Plates"
"1553",0.003141,107,"1553 "CDR Grape Jam"
"1336",0.003141,107,"1336 "Carrington Frozen Sausage Pizza"
"1357",0.003141,107,"1357 "Carrington Frozen Peas"
"1552",0.003141,107,"1552 "CDR Apple Jelly"
"1465",0.003141,107,"1465 "Amigo Scallops"
"1344",0.003141,107,"1344 "Carrington Frozen Carrots"
"145",0.003141,107,"145 "Denny 25 Watt Lightbulb"
"115",0.003141,107,"115 "Faux Products Whitening Toothpast"
"1064",0.003141,107,"1064 "Bird Call HCL Nasal Spray"
"94",0.003141,107,"94 "Golden Apple Cinnamon Waffles"
"713",0.003141,107,"713 "Imagine Frozen Pepperoni Pizza"
"1404",0.003141,107,"1404 "Sunset Frying Pan"
"545",0.003141,107,"545 "Fast Salted Pretzels"
"549",0.003141,107,"549 "Fast Beef Jerky"
"671",0.003141,107,"671 "Gorilla Low Fat String Cheese"
"998",0.003111,106,"998 "Even Better Whole Milk"
"746",0.003111,106,"746 "Consolidated 200 MG Ibuprofen"
"1263",0.003111,106,"1263 "Johnson Wheat Puffs"
"1163",0.003111,106,"1163 "Horatio Potato Chips"
"1031",0.003111,106,"1031 "PigTail Frozen Mushroom Pizza"
"1327",0.003111,106,"1327 "Giant Large Brown Eggs"
"771",0.003111,106,"771 "Cormorant Soft Napkins"
"6",0.003111,106,"6 "Washington Cola"
"524",0.003111,106,"524 "Tell Tale Tangerines"
"558",0.003111,106,"558 "Fast Grape Fruit Roll"
"1170",0.003111,106,"1170 "Horatio Salsa Dip"
"23",0.003111,106,"23 "Blue Label Noodle Soup"
"1003",0.003111,106,"1003 "American Beef Bologna"
"781",0.003111,106,"781 "Cormorant Copper Pot Scrubber"
"493",0.003111,106,"493 "Tell Tale Elephant Garlic"
"30",0.003111,106,"30 "Blue Label Canned Tuna in Water"
"497",0.003111,106,"497 "Tell Tale Cauliflower"
"929",0.003111,106,"929 "BBB Best Oregano"
"777",0.003111,106,"777 "Cormorant Frying Pan"
"430",0.003111,106,"430 "Steady Extra Moisture Shampoo"
"1508",0.003111,106,"1508 "Gulf Coast Mints"
"828",0.003111,106,"828 "Ebony Canned Peanuts"
"854",0.003111,106,"854 "Nationeel Salsa Dip"
"560",0.003111,106,"560 "Fast Raisins"
"1379",0.003111,106,"1379 "Hilltop Laundry Detergent"
"647",0.003111,106,"647 "Bravo Chicken Noodle Soup"
"744",0.003111,106,"744 "Consolidated Childrens Aspirin"
"588",0.003111,106,"588 "Colony English Muffins"
"66",0.003111,106,"66 "Red Spade Low Fat Bologna"
"732",0.003111,106,"732 "Imagine Frozen Chicken Thighs"
"255",0.003111,106,"255 "Choice Malted Milk Balls"
"1350",0.003111,106,"1350 "Carrington Home Style French Fries"
"46",0.003111,106,"46 "Club Jack Cheese"
"823",0.003111,106,"823 "Ebony Plums"
"279",0.003111,106,"279 "Great Muffins"
"1449",0.003111,106,"1449 "Hermanos Fancy Plums"
"32",0.003111,106,"32 "Blue Label Large Canned Shrimp"
"1526",0.003111,106,"1526 "Modell English Muffins"
"692",0.003111,106,"692 "Cutting Edge Cole Slaw"
"1456",0.003111,106,"1456 "Hermanos Sweet Onion"
"247",0.003111,106,"247 "Best Choice Grape Fruit Roll"
"930",0.003111,106,"930 "BBB Best Apple Jelly"
"697",0.003111,106,"697 "Cutting Edge Potato Salad"
"666",0.003111,106,"666 "Gorilla Low Fat Sour Cream"
"1185",0.003111,106,"1185 "Horatio Grape Fruit Roll"
"931",0.003111,106,"931 "BBB Best Grape Jam"
"960",0.003111,106,"960 "Just Right Canned Tomatos"
"1265",0.003111,106,"1265 "Pleasant Canned Beets"
"299",0.003111,106,"299 "Super Low Fat Apple Butter"
"653",0.003082,105,"653 "Bravo Canned Tuna in Oil"
"1241",0.003082,105,"1241 "Plato Apple Jelly"
"709",0.003082,105,"709 "Imagine Frozen Sausage Pizza"
"1289",0.003082,105,"1289 "Toretti Rosy Sunglasses"
"1162",0.003082,105,"1162 "Horatio Fudge Brownies"
"207",0.003082,105,"207 "High Top Sweet Onion"
"1320",0.003082,105,"1320 "Lake Roasted Chicken"
"1256",0.003082,105,"1256 "Skinner Diet Cola"
"1312",0.003082,105,"1312 "Lake Chicken Hot Dogs"
"189",0.003082,105,"189 "High Top Baby Onion"
"1271",0.003082,105,"1271 "Pleasant Canned Tomatos"
"1126",0.003082,105,"1126 "Tri-State Mushrooms"
"1378",0.003082,105,"1378 "Hilltop Childrens Cold Remedy"
"1224",0.003082,105,"1224 "Plato Brown Sugar"
"935",0.003082,105,"935 "BBB Best Strawberry Preserves"
"327",0.003082,105,"327 "Better Canned Beets"
"763",0.003082,105,"763 "Cormorant 75 Watt Lightbulb"
"683",0.003082,105,"683 "Gorilla Strawberry Yogurt"
"838",0.003082,105,"838 "Curlew Scallops"
"1363",0.003082,105,"1363 "Hilltop Tartar Control Toothpaste"
"260",0.003082,105,"260 "Choice White Chocolate Bar"
"1025",0.003082,105,"1025 "PigTail Frozen Sausage Pizza"
"759",0.003082,105,"759 "Cormorant 100 Watt Lightbulb"
"26",0.003082,105,"26 "Blue Label Turkey Noodle Soup"
"378",0.003082,105,"378 "Moms Turkey Hot Dogs"
"664",0.003082,105,"664 "Akron City Map"
"1300",0.003082,105,"1300 "Booker Head Cheese"
"438",0.003082,105,"438 "Steady Dishwasher Detergent"
"789",0.003082,105,"789 "Excel Monthly Auto Magazine"
"415",0.003082,105,"415 "Big Time Ice Cream Sandwich"
"20",0.003082,105,"20 "Blue Label Canned Yams"
"173",0.003082,105,"173 "High Top Asparagus"
"1321",0.003082,105,"1321 "Lake Corned Beef"
"881",0.003082,105,"881 "Thresher Mints"
"1149",0.003082,105,"1149 "Tri-State Walnuts"
"974",0.003082,105,"974 "Just Right Fancy Canned Sardines"
"994",0.003082,105,"994 "Even Better 2% Milk"
"87",0.003082,105,"87 "Golden Frozen Sausage Pizza"
"1115",0.003082,105,"1115 "Tri-State Prepared Salad"
"321",0.003082,105,"321 "Excellent Apple Juice"
"1323",0.003082,105,"1323 "Lake Sliced Ham"
"1136",0.003082,105,"1136 "Tri-State Red Delcious Apples"
"54",0.003082,105,"54 "Club Mild Cheddar Cheese"
"163",0.003082,105,"163 "Denny Screw Driver"
"1255",0.003082,105,"1255 "Skinner Cola"
"396",0.003082,105,"396 "Big Time Frozen Pancakes"
"1174",0.003082,105,"1174 "Horatio Fondue Mix"
"724",0.003082,105,"724 "Imagine Lime Popsicles"
"554",0.003082,105,"554 "Fast Dried Apples"
"1208",0.003082,105,"1208 "Portsmouth Merlot Wine"
"1383",0.003082,105,"1383 "Sunset Plastic Spoons"
"1010",0.003082,105,"1010 "American Corned Beef"
"1229",0.003082,105,"1229 "Plato Vegetable Oil"
"241",0.003082,105,"241 "Best Choice Sesame Crackers"
"288",0.003082,105,"288 "Super French Roast Coffee"
"270",0.003082,105,"270 "Good Merlot Wine"
"1245",0.003082,105,"1245 "Plato Creamy Peanut Butter"
"185",0.003082,105,"185 "High Top Potatos"
"1212",0.003082,105,"1212 "Sphinx Pumpernickel Bread"
"976",0.003082,105,"976 "Big City Canned Mixed Fruit"
"1065",0.003053,104,"1065 "Bird Call Dishwasher Detergent"
"1012",0.003053,104,"1012 "American Sliced Ham"
"331",0.003053,104,"331 "Better Canned Yams"
"407",0.003053,104,"407 "Big Time Turkey TV Dinner"
"1186",0.003053,104,"1186 "Horatio Dried Dates"
"542",0.003053,104,"542 "Fast Low Fat Popcorn"
"1293",0.003053,104,"1293 "Booker Low Fat Sour Cream"
"1355",0.003053,104,"1355 "Carrington Frozen Broccoli"
"1210",0.003053,104,"1210 "Portsmouth White Zinfandel Wine"
"984",0.003053,104,"984 "Even Better Jack Cheese"
"1207",0.003053,104,"1207 "Portsmouth Chablis Wine"
"126",0.003053,104,"126 "Faux Products HCL Nasal Spray"
"1270",0.003053,104,"1270 "Pleasant Vegetable Soup"
"448",0.003053,104,"448 "Red Wing 100 Watt Lightbulb"
"52",0.003053,104,"52 "Club Cheese Spread"
"490",0.003053,104,"490 "Tell Tale Green Pepper"
"925",0.003053,104,"925 "BBB Best Pepper"
"1260",0.003053,104,"1260 "Skinner Apple Drink"
"1478",0.003053,104,"1478 "Fort West Buttered Popcorn"
"581",0.003053,104,"581 "Walrus Merlot Wine"
"623",0.003053,104,"623 "Token Berry Juice"
"28",0.003053,104,"28 "Blue Label Canned Peas"
"611",0.003053,104,"611 "Landslide Salt"
"1306",0.003053,104,"1306 "Booker Buttermilk"
"102",0.003053,104,"102 "Golden Lime Popsicles"
"690",0.003053,104,"690 "Cutting Edge Foot-Long Hot Dogs"
"1146",0.003053,104,"1146 "Tri-State Cantelope"
"474",0.003053,104,"474 "Red Wing Screw Driver"
"1036",0.003053,104,"1036 "PigTail Beef TV Dinner"
"1183",0.003053,104,"1183 "Horatio Strawberry Fruit Roll"
"905",0.003053,104,"905 "Fantastic Cranberry Muffins"
"844",0.003053,104,"844 "Nationeel Chocolate Chip Cookies"
"296",0.003053,104,"296 "Super Columbian Coffee"
"433",0.003053,104,"433 "Steady Childrens Aspirin"
"747",0.003053,104,"747 "Consolidated 200 MG Acetominifen"
"922",0.003053,104,"922 "BBB Best Grape Preserves"
"86",0.003053,104,"86 "Golden Low Fat French Fries"
"1543",0.003053,104,"1543 "CDR Canola Oil"
"372",0.003053,104,"372 "Carlson Strawberry Yogurt"
"938",0.003053,104,"938 "BBB Best Grape Jelly"
"1507",0.003053,104,"1507 "Gulf Coast Spicy Mints"
"196",0.003053,104,"196 "High Top Macintosh Apples"
"726",0.003053,104,"726 "Imagine Ice Cream Sandwich"
"1354",0.003053,104,"1354 "Carrington Frozen Cauliflower"
"354",0.003053,104,"354 "Carlson Low Fat Cottage Cheese"
"1089",0.003053,104,"1089 "High Quality Toilet Paper"
"706",0.003053,104,"706 "Imagine Frozen Chicken Breast"
"311",0.003053,104,"311 "Super Grape Jelly"
"1276",0.003053,104,"1276 "Pleasant Beef Soup"
"1002",0.003053,104,"1002 "American Pimento Loaf"
"1548",0.003053,104,"1548 "CDR Low Fat Apple Butter"
"1060",0.003053,104,"1060 "Bird Call Childrens Aspirin"
"1407",0.003053,104,"1407 "Sunset Silver Cleaner"
"511",0.003053,104,"511 "Tell Tale Fancy Plums"
"523",0.003053,104,"523 "Tell Tale Oranges"
"1238",0.003023,103,"1238 "Plato Salt"
"520",0.003023,103,"520 "Tell Tale Honey Dew"
"1442",0.003023,103,"1442 "Hermanos Limes"
"526",0.003023,103,"526 "Kiwi Lox"
"246",0.003023,103,"246 "Best Choice Raspberry Fruit Roll"
"144",0.003023,103,"144 "Denny Glass Cleaner"
"79",0.003023,103,"79 "Blue Medal Small Eggs"
"1394",0.003023,103,"1394 "Sunset 25 Watt Lightbulb"
"965",0.003023,103,"965 "Just Right Beef Soup"
"1033",0.003023,103,"1033 "PigTail Frozen Carrots"
"513",0.003023,103,"513 "Tell Tale Peaches"
"445",0.003023,103,"445 "Red Wing Plastic Spoons"
"221",0.003023,103,"221 "Best Choice Sugar Cookies"
"358",0.003023,103,"358 "Carlson Muenster Cheese"
"318",0.003023,103,"318 "Excellent Diet Cola"
"685",0.003023,103,"685 "Cutting Edge Chicken Hot Dogs"
"1538",0.003023,103,"1538 "CDR Decaf Coffee"
"667",0.003023,103,"667 "Gorilla Sour Cream"
"603",0.003023,103,"603 "Landslide Corn Oil"
"481",0.003023,103,"481 "Dollar Monthly Fashion Magazine"
"168",0.003023,103,"168 "Robust Monthly Computer Magazine"
"874",0.003023,103,"874 "Nationeel Frosted Donuts"
"1059",0.003023,103,"1059 "Bird Call Apricot Shampoo"
"1069",0.003023,103,"1069 "Bird Call Mint Mouthwash"
"1301",0.003023,103,"1301 "Booker Cheese Spread"
"184",0.003023,103,"184 "High Top Garlic"
"909",0.003023,103,"909 "Fantastic Wheat Bread"
"805",0.003023,103,"805 "Ebony Red Pepper"
"836",0.003023,103,"836 "Ebony Party Nuts"
"992",0.003023,103,"992 "Even Better Mild Cheddar Cheese"
"286",0.003023,103,"286 "Super Brown Sugar"
"1137",0.003023,103,"1137 "Tri-State Lemons"
"381",0.003023,103,"381 "Moms Cole Slaw"
"527",0.003023,103,"527 "Kiwi Scallops"
"166",0.003023,103,"166 "Robust Monthly Sports Magazine"
"551",0.003023,103,"551 "Fast Low Fat Chips"
"862",0.003023,103,"862 "Nationeel Low Fat Chips"
"638",0.003023,103,"638 "Bravo Canned Beets"
"123",0.003023,103,"123 "Faux Products Buffered Aspirin"
"453",0.003023,103,"453 "Red Wing Toilet Bowl Cleaner"
"129",0.003023,103,"129 "Faux Products Childrens Cold Remedy"
"302",0.003023,103,"302 "Super Oregano"
"365",0.003023,103,"365 "Carlson Mild Cheddar Cheese"
"708",0.003023,103,"708 "Imagine Low Fat French Fries"
"1027",0.003023,103,"1027 "PigTail Fajita French Fries"
"986",0.003023,103,"986 "Even Better String Cheese"
"1075",0.003023,103,"1075 "High Quality 100 Watt Lightbulb"
"1460",0.003023,103,"1460 "Hermanos Walnuts"
"961",0.003023,103,"961 "Just Right Noodle Soup"
"1539",0.003023,103,"1539 "CDR Regular Coffee"
"256",0.003023,103,"256 "Choice Semi-Sweet Chocolate Bar"
"586",0.003023,103,"586 "Colony White Bread"
"177",0.002994,102,"177 "High Top Prepared Salad"
"1545",0.002994,102,"1545 "CDR Columbian Coffee"
"902",0.002994,102,"902 "Fantastic White Bread"
"1044",0.002994,102,"1044 "PigTail Frozen Broccoli"
"343",0.002994,102,"343 "Better Large Canned Shrimp"
"414",0.002994,102,"414 "Big Time Ice Cream"
"1242",0.002994,102,"1242 "Plato Grape Jam"
"977",0.002994,102,"977 "Big City Canned Peaches"
"1504",0.002994,102,"1504 "Gulf Coast Malted Milk Balls"
"662",0.002994,102,"662 "Prelude Rosy Sunglasses"
"198",0.002994,102,"198 "High Top Red Delcious Apples"
"1253",0.002994,102,"1253 "Skinner Cream Soda"
"821",0.002994,102,"821 "Ebony Lemons"
"642",0.002994,102,"642 "Bravo Canned Yams"
"557",0.002994,102,"557 "Fast Raspberry Fruit Roll"
"1423",0.002994,102,"1423 "Hermanos Sweet Peas"
"927",0.002994,102,"927 "BBB Best Salt"
"907",0.002994,102,"907 "Fantastic Bagels"
"660",0.002994,102,"660 "Applause Canned Mixed Fruit"
"728",0.002994,102,"728 "Imagine Frozen Broccoli"
"959",0.002994,102,"959 "Just Right Vegetable Soup"
"1513",0.002994,102,"1513 "Jardon Thai Rice"
"1130",0.002994,102,"1130 "Tri-State Squash"
"971",0.002994,102,"971 "Just Right Fancy Canned Anchovies"
"575",0.002994,102,"575 "Shady Lake Thai Rice"
"335",0.002994,102,"335 "Better Regular Ramen Soup"
"807",0.002994,102,"807 "Ebony Potatos"
"59",0.002994,102,"59 "Club 1% Milk"
"636",0.002994,102,"636 "Radius Wheat Puffs"
"1216",0.002994,102,"1216 "Sphinx Cranberry Muffins"
"468",0.002994,102,"468 "Red Wing Bees Wax Candles"
"1414",0.002994,102,"1414 "Gerolli Seasoned Hamburger"
"312",0.002994,102,"312 "Excellent Berry Juice"
"308",0.002994,102,"308 "Super Strawberry Preserves"
"1455",0.002994,102,"1455 "Hermanos Canned Peanuts"
"1317",0.002994,102,"1317 "Lake Foot-Long Hot Dogs"
"346",0.002994,102,"346 "Better Fancy Canned Oysters"
"44",0.002994,102,"44 "Club Low Fat Sour Cream"
"532",0.002994,102,"532 "Fast Sugar Cookies"
"1153",0.002994,102,"1153 "Dual City Lox"
"385",0.002994,102,"385 "Moms Sliced Ham"
"832",0.002994,102,"832 "Ebony Fuji Apples"
"914",0.002994,102,"914 "BBB Best White Sugar"
"1103",0.002994,102,"1103 "Genteel Seasoned Hamburger"
"1043",0.002994,102,"1043 "PigTail Frozen Cauliflower"
"1473",0.002994,102,"1473 "Fort West Fudge Brownies"
"723",0.002994,102,"723 "Imagine Home Style French Fries"
"1070",0.002994,102,"1070 "High Quality 60 Watt Lightbulb"
"1169",0.002994,102,"1169 "Horatio Low Fat Popcorn"
"1296",0.002994,102,"1296 "Booker Muenster Cheese"
"98",0.002994,102,"98 "Golden Beef TV Dinner"
"1381",0.002994,102,"1381 "Sunset 60 Watt Lightbulb"
"672",0.002964,101,"672 "Gorilla Havarti Cheese"
"153",0.002964,101,"153 "Denny Scented Toilet Tissue"
"508",0.002964,101,"508 "Tell Tale Golden Delcious Apples"
"595",0.002964,101,"595 "Landslide Chunky Peanut Butter"
"244",0.002964,101,"244 "Best Choice Apple Fruit Roll"
"1193",0.002964,101,"1193 "Musial Malted Milk Balls"
"944",0.002964,101,"944 "Fabulous Cola"
"589",0.002964,101,"589 "Colony Cranberry Muffins"
"57",0.002964,101,"57 "Club Buttermilk"
"936",0.002964,101,"936 "BBB Best Extra Chunky Peanut Butter"
"734",0.002964,101,"734 "Imagine Lemon Popsicles"
"757",0.002964,101,"757 "Cormorant Plastic Knives"
"1105",0.002964,101,"1105 "Mighty Good Monthly Auto Magazine"
"1024",0.002964,101,"1024 "PigTail Low Fat French Fries"
"599",0.002964,101,"599 "Landslide French Roast Coffee"
"969",0.002964,101,"969 "Just Right Canned Tuna in Oil"
"462",0.002964,101,"462 "Red Wing Toilet Paper"
"1488",0.002964,101,"1488 "Fort West Chocolate Donuts"
"1142",0.002964,101,"1142 "Tri-State Mandarin Oranges"
"245",0.002964,101,"245 "Best Choice Strawberry Fruit Roll"
"1090",0.002964,101,"1090 "High Quality Tissues"
"1150",0.002964,101,"1150 "Tri-State Oranges"
"1364",0.002964,101,"1364 "Hilltop Whitening Toothpast"
"857",0.002964,101,"857 "Nationeel Cheese Dip"
"608",0.002964,101,"608 "Landslide Strawberry Jelly"
"1497",0.002964,101,"1497 "Fort West Dried Dates"
"1030",0.002964,101,"1030 "PigTail Frozen Cheese Pizza"
"82",0.002964,101,"82 "Golden Low Fat Waffles"
"1509",0.002964,101,"1509 "Gulf Coast White Chocolate Bar"
"271",0.002964,101,"271 "Good Chardonnay"
"167",0.002964,101,"167 "Robust Monthly Auto Magazine"
"850",0.002964,101,"850 "Nationeel Cheese Crackers"
"646",0.002964,101,"646 "Bravo Regular Ramen Soup"
"1531",0.002964,101,"1531 "Modell Wheat Bread"
"38",0.002964,101,"38 "Green Ribbon Canned Mixed Fruit"
"674",0.002964,101,"674 "Gorilla Cheese Spread"
"1419",0.002964,101,"1419 "Gauss Monthly Fashion Magazine"
"1319",0.002964,101,"1319 "Lake Cole Slaw"
"908",0.002964,101,"908 "Fantastic Blueberry Muffins"
"615",0.002964,101,"615 "Landslide Grape Jam"
"788",0.002964,101,"788 "Excel Monthly Sports Magazine"
"1082",0.002964,101,"1082 "High Quality Glass Cleaner"
"487",0.002964,101,"487 "Tell Tale Beets"
"593",0.002964,101,"593 "Colony Wheat Bread"
"687",0.002964,101,"687 "Cutting Edge Beef Bologna"
"622",0.002964,101,"622 "Landslide Grape Jelly"
"1096",0.002964,101,"1096 "High Quality Silver Cleaner"
"650",0.002964,101,"650 "Bravo Canned Peas"
"798",0.002964,101,"798 "Ebony Beets"
"205",0.002964,101,"205 "High Top Mixed Nuts"
"211",0.002964,101,"211 "High Top Walnuts"
"1076",0.002964,101,"1076 "High Quality AAA-Size Batteries"
"1332",0.002964,101,"1332 "Carrington Orange Popsicles"
"190",0.002964,101,"190 "High Top Dried Mushrooms"
"1479",0.002935,100,"1479 "Fort West No Salt Popcorn"
"406",0.002935,100,"406 "Big Time Frozen Carrots"
"1209",0.002935,100,"1209 "Portsmouth Chardonnay"
"1112",0.002935,100,"1112 "Tri-State Sweet Peas"
"467",0.002935,100,"467 "Red Wing Copper Cleaner"
"324",0.002935,100,"324 "Best Corn Puffs"
"262",0.002935,100,"262 "Medalist Manicotti"
"469",0.002935,100,"469 "Red Wing Silver Cleaner"
"89",0.002935,100,"89 "Golden Fajita French Fries"
"229",0.002935,100,"229 "Best Choice Buttered Popcorn"
"142",0.002935,100,"142 "Denny Toilet Bowl Cleaner"
"641",0.002935,100,"641 "Bravo Chicken Soup"
"939",0.002935,100,"939 "Fabulous Berry Juice"
"1518",0.002935,100,"1518 "Top Measure Chablis Wine"
"1554",0.002935,100,"1554 "CDR Apple Jam"
"1004",0.002935,100,"1004 "American Low Fat Bologna"
"1206",0.002935,100,"1206 "Portsmouth Chardonnay Wine"
"769",0.002935,100,"769 "Cormorant D-Size Batteries"
"979",0.002935,100,"979 "James Bay Eyeglass Screwdriver"
"1078",0.002935,100,"1078 "High Quality Paper Cups"
"1348",0.002935,100,"1348 "Carrington Pancake Mix"
"768",0.002935,100,"768 "Cormorant AA-Size Batteries"
"1385",0.002935,100,"1385 "Sunset C-Size Batteries"
"401",0.002935,100,"401 "Big Time Waffles"
"176",0.002935,100,"176 "High Top Beets"
"839",0.002935,100,"839 "Nationeel Low Fat Cookies"
"643",0.002935,100,"643 "Bravo Vegetable Soup"
"228",0.002935,100,"228 "Best Choice Cheese Crackers"
"997",0.002935,100,"997 "Even Better 1% Milk"
"568",0.002935,100,"568 "Atomic Bubble Gum"
"210",0.002935,100,"210 "High Top Fuji Apples"
"442",0.002935,100,"442 "Steady Mint Mouthwash"
"67",0.002935,100,"67 "Red Spade Turkey Hot Dogs"
"1007",0.002935,100,"1007 "American Low Fat Cole Slaw"
"668",0.002935,100,"668 "Gorilla Jack Cheese"
"1309",0.002935,100,"1309 "Booker Whole Milk"
"1483",0.002935,100,"1483 "Fort West Salted Pretzels"
"722",0.002935,100,"722 "Imagine Grape Popsicles"
"164",0.002935,100,"164 "Ship Shape Extra Lean Hamburger"
"616",0.002935,100,"616 "Landslide Apple Jam"
"134",0.002935,100,"134 "Denny Plastic Spoons"
"482",0.002935,100,"482 "Tell Tale Summer Squash"
"135",0.002935,100,"135 "Denny Plastic Knives"
"627",0.002935,100,"627 "Token Diet Soda"
"1221",0.002935,100,"1221 "Plato Sesame Oil"
"1233",0.002935,100,"1233 "Plato Grape Preserves"
"45",0.002935,100,"45 "Club Sour Cream"
"843",0.002935,100,"843 "Nationeel Sugar Cookies"
"587",0.002935,100,"587 "Colony Rye Bread"
"1501",0.002935,100,"1501 "Fort West Frosted Donuts"
"459",0.002906,99,"459 "Red Wing Paper Towels"
"110",0.002906,99,"110 "Golden Frozen Chicken Thighs"
"25",0.002906,99,"25 "Blue Label Chicken Noodle Soup"
"596",0.002906,99,"596 "Landslide Hot Chocolate"
"1097",0.002906,99,"1097 "High Quality Copper Pot Scrubber"
"69",0.002906,99,"69 "Red Spade Low Fat Cole Slaw"
"540",0.002906,99,"540 "Fast Buttered Popcorn"
"1546",0.002906,99,"1546 "CDR Strawberry Jelly"
"1447",0.002906,99,"1447 "Hermanos Red Delcious Apples"
"1494",0.002906,99,"1494 "Fort West Strawberry Fruit Roll"
"65",0.002906,99,"65 "Red Spade Beef Bologna"
"739",0.002906,99,"739 "Consolidated Deodorant"
"206",0.002906,99,"206 "High Top Canned Peanuts"
"182",0.002906,99,"182 "High Top Elephant Garlic"
"9",0.002906,99,"9 "Washington Cranberry Juice"
"427",0.002906,99,"427 "Steady Toothpaste"
"1058",0.002906,99,"1058 "Bird Call Angled Toothbrush"
"1106",0.002906,99,"1106 "Mighty Good Monthly Computer Magazine"
"104",0.002906,99,"104 "Golden Ice Cream Sandwich"
"1314",0.002906,99,"1314 "Lake Beef Bologna"
"826",0.002906,99,"826 "Ebony Mandarin Oranges"
"933",0.002906,99,"933 "BBB Best Strawberry Jam"
"1000",0.002906,99,"1000 "Even Better Blueberry Yogurt"
"810",0.002906,99,"810 "Ebony Mushrooms"
"897",0.002906,99,"897 "Pearl Merlot Wine"
"1016",0.002906,99,"1016 "National Large Brown Eggs"
"261",0.002906,99,"261 "Medalist Ravioli"
"1045",0.002906,99,"1045 "PigTail Frozen Corn"
"1529",0.002906,99,"1529 "Modell Bagels"
"108",0.002906,99,"108 "Golden Frozen Peas"
"778",0.002906,99,"778 "Cormorant Copper Cleaner"
"894",0.002906,99,"894 "Pearl Light Wine"
"635",0.002906,99,"635 "Radius Corn Puffs"
"143",0.002906,99,"143 "Denny Counter Cleaner"
"1490",0.002906,99,"1490 "Fort West Sesame Crackers"
"793",0.002906,99,"793 "Ebony Summer Squash"
"1053",0.002906,99,"1053 "Bird Call Whitening Toothpast"
"883",0.002906,99,"883 "Monarch Ravioli"
"669",0.002906,99,"669 "Gorilla Muenster Cheese"
"150",0.002906,99,"150 "Denny Scented Tissue"
"1087",0.002906,99,"1087 "High Quality Soft Napkins"
"140",0.002906,99,"140 "Denny Paper Cups"
"48",0.002906,99,"48 "Club String Cheese"
"58",0.002906,99,"58 "Club Chocolate Milk"
"790",0.002906,99,"790 "Excel Monthly Computer Magazine"
"1492",0.002906,99,"1492 "Fort West Dried Apples"
"537",0.002876,98,"537 "Fast Lemon Cookies"
"782",0.002876,98,"782 "Cormorant Economy Toilet Brush"
"109",0.002876,98,"109 "Golden Popsicles"
"756",0.002876,98,"756 "Cormorant Plastic Spoons"
"14",0.002876,98,"14 "Jeffers Wheat Puffs"
"1303",0.002876,98,"1303 "Booker Mild Cheddar Cheese"
"1015",0.002876,98,"1015 "National Small Brown Eggs"
"1066",0.002876,98,"1066 "Bird Call Multi-Symptom Cold Remedy"
"1020",0.002876,98,"1020 "PigTail Low Fat Waffles"
"22",0.002876,98,"22 "Blue Label Canned Tomatos"
"148",0.002876,98,"148 "Denny Paper Towels"
"183",0.002876,98,"183 "High Top Red Pepper"
"842",0.002876,98,"842 "Nationeel Low Fat BBQ Chips"
"1055",0.002876,98,"1055 "Bird Call Deodorant"
"703",0.002876,98,"703 "Jumbo Egg Substitute"
"512",0.002876,98,"512 "Tell Tale Plums"
"550",0.002876,98,"550 "Fast Chocolate Donuts"
"691",0.002876,98,"691 "Cutting Edge Low Fat Cole Slaw"
"1422",0.002876,98,"1422 "Hermanos Asparagus"
"1341",0.002876,98,"1341 "Carrington Frozen Cheese Pizza"
"422",0.002876,98,"422 "Big Time Frozen Chicken Wings"
"675",0.002876,98,"675 "Gorilla Sharp Cheddar Cheese"
"1111",0.002876,98,"1111 "Tri-State Asparagus"
"47",0.002876,98,"47 "Club Muenster Cheese"
"776",0.002876,98,"776 "Cormorant Room Freshener"
"995",0.002876,98,"995 "Even Better Buttermilk"
"290",0.002876,98,"290 "Super Regular Coffee"
"710",0.002876,98,"710 "Imagine Blueberry Waffles"
"955",0.002876,98,"955 "Just Right Creamed Corn"
"957",0.002876,98,"957 "Just Right Chicken Soup"
"1512",0.002876,98,"1512 "Jardon Spaghetti"
"656",0.002876,98,"656 "Bravo Fancy Canned Clams"
"681",0.002876,98,"681 "Gorilla 1% Milk"
"1351",0.002876,98,"1351 "Carrington Lime Popsicles"
"125",0.002876,98,"125 "Faux Products 200 MG Acetominifen"
"989",0.002876,98,"989 "Even Better Head Cheese"
"1315",0.002876,98,"1315 "Lake Low Fat Bologna"
"811",0.002876,98,"811 "Ebony Baby Onion"
"1042",0.002876,98,"1042 "PigTail Ice Cream Sandwich"
"911",0.002876,98,"911 "BBB Best Chunky Peanut Butter"
"741",0.002876,98,"741 "Consolidated Extra Moisture Shampoo"
"253",0.002876,98,"253 "Choice Tasty Candy Bar"
"147",0.002876,98,"147 "Denny D-Size Batteries"
"1292",0.002876,98,"1292 "Booker Low Fat Cottage Cheese"
"83",0.002876,98,"83 "Golden Orange Popsicles"
"1006",0.002876,98,"1006 "American Foot-Long Hot Dogs"
"552",0.002847,97,"552 "Fast Sesame Crackers"
"314",0.002847,97,"314 "Excellent Strawberry Drink"
"1475",0.002847,97,"1475 "Fort West Lemon Cookies"
"514",0.002847,97,"514 "Tell Tale Broccoli"
"796",0.002847,97,"796 "Ebony Sweet Peas"
"390",0.002847,97,"390 "Urban Small Eggs"
"1154",0.002847,97,"1154 "Dual City Scallops"
"985",0.002847,97,"985 "Even Better Muenster Cheese"
"215",0.002847,97,"215 "Tip Top Lox"
"1057",0.002847,97,"1057 "Bird Call Extra Moisture Shampoo"
"693",0.002847,97,"693 "Cutting Edge Roasted Chicken"
"485",0.002847,97,"485 "Tell Tale Sweet Peas"
"195",0.002847,97,"195 "High Top Almonds"
"208",0.002847,97,"208 "High Top Cantelope"
"1489",0.002847,97,"1489 "Fort West Low Fat Chips"
"652",0.002847,97,"652 "Bravo Canned Tuna in Water"
"503",0.002847,97,"503 "Tell Tale Squash"
"716",0.002847,97,"716 "Imagine Apple Cinnamon Waffles"
"923",0.002847,97,"923 "BBB Best Columbian Coffee"
"1156",0.002847,97,"1156 "Horatio BBQ Potato Chips"
"577",0.002847,97,"577 "Walrus Imported Beer"
"146",0.002847,97,"146 "Denny AA-Size Batteries"
"1307",0.002847,97,"1307 "Booker Chocolate Milk"
"119",0.002847,97,"119 "Faux Products Extra Moisture Shampoo"
"953",0.002847,97,"953 "Special Grits"
"1359",0.002847,97,"1359 "Carrington Frozen Chicken Thighs"
"366",0.002847,97,"366 "Carlson Large Curd Cottage Cheese"
"33",0.002847,97,"33 "Blue Label Fancy Canned Anchovies"
"338",0.002847,97,"338 "Better Beef Soup"
"529",0.002847,97,"529 "Fast BBQ Potato Chips"
"673",0.002847,97,"673 "Gorilla Head Cheese"
"1496",0.002847,97,"1496 "Fort West Grape Fruit Roll"
"562",0.002847,97,"562 "Fast Dried Apricots"
"202",0.002847,97,"202 "High Top Peaches"
"1471",0.002847,97,"1471 "Fort West Chocolate Chip Cookies"
"659",0.002847,97,"659 "Bravo Rice Soup"
"628",0.002847,97,"628 "Token Cola"
"240",0.002847,97,"240 "Best Choice Low Fat Chips"
"197",0.002847,97,"197 "High Top Golden Delcious Apples"
"1326",0.002847,97,"1326 "Giant Small Brown Eggs"
"1498",0.002847,97,"1498 "Fort West Raisins"
"702",0.002847,97,"702 "Jumbo Large Eggs"
"1073",0.002847,97,"1073 "High Quality Plastic Knives"
"1476",0.002847,97,"1476 "Fort West Graham Crackers"
"1132",0.002847,97,"1132 "Tri-State Firm Tofu"
"404",0.002847,97,"404 "Big Time Frozen Mushroom Pizza"
"541",0.002847,97,"541 "Fast No Salt Popcorn"
"41",0.002847,97,"41 "Queen Eyeglass Screwdriver"
"1302",0.002847,97,"1302 "Booker Sharp Cheddar Cheese"
"391",0.002847,97,"391 "Urban Large Eggs"
"157",0.002818,96,"157 "Denny Bees Wax Candles"
"1426",0.002818,96,"1426 "Hermanos Prepared Salad"
"496",0.002818,96,"496 "Tell Tale Potatos"
"13",0.002818,96,"13 "Jeffers Corn Puffs"
"162",0.002818,96,"162 "Denny Large Sponge"
"428",0.002818,96,"428 "Steady Deodorant"
"21",0.002818,96,"21 "Blue Label Vegetable Soup"
"1109",0.002818,96,"1109 "Tri-State Summer Squash"
"447",0.002818,96,"447 "Red Wing C-Size Batteries"
"139",0.002818,96,"139 "Denny Paper Plates"
"1155",0.002818,96,"1155 "Horatio Low Fat Cookies"
"1187",0.002818,96,"1187 "Horatio Raisins"
"719",0.002818,96,"719 "Imagine Chicken TV Dinner"
"795",0.002818,96,"795 "Ebony Asparagus"
"219",0.002818,96,"219 "Best Choice Corn Chips"
"824",0.002818,96,"824 "Ebony Peaches"
"152",0.002818,96,"152 "Denny Tissues"
"80",0.002818,96,"80 "Blue Medal Large Eggs"
"1462",0.002818,96,"1462 "Hermanos Tangerines"
"294",0.002818,96,"294 "Super Canola Oil"
"1536",0.002818,96,"1536 "CDR White Sugar"
"1511",0.002818,96,"1511 "Jardon Manicotti"
"194",0.002818,96,"194 "High Top Firm Tofu"
"1338",0.002818,96,"1338 "Carrington Fajita French Fries"
"1227",0.002818,96,"1227 "Plato Decaf Coffee"
"950",0.002818,96,"950 "Special Oatmeal"
"689",0.002818,96,"689 "Cutting Edge Turkey Hot Dogs"
"633",0.002818,96,"633 "Token Apple Drink"
"31",0.002818,96,"31 "Blue Label Canned Tuna in Oil"
"583",0.002818,96,"583 "Walrus White Zinfandel Wine"
"990",0.002818,96,"990 "Even Better Cheese Spread"
"1084",0.002818,96,"1084 "High Quality AA-Size Batteries"
"383",0.002818,96,"383 "Moms Corned Beef"
"1402",0.002818,96,"1402 "Sunset Scented Toilet Tissue"
"1258",0.002818,96,"1258 "Skinner Cranberry Juice"
"712",0.002818,96,"712 "Imagine Waffles"
"1418",0.002788,95,"1418 "Gauss Monthly Home Magazine"
"522",0.002788,95,"522 "Tell Tale Walnuts"
"1477",0.002788,95,"1477 "Fort West Cheese Crackers"
"1119",0.002788,95,"1119 "Tri-State Lettuce"
"473",0.002788,95,"473 "Red Wing Large Sponge"
"816",0.002788,95,"816 "Ebony Firm Tofu"
"774",0.002788,95,"774 "Cormorant Tissues"
"216",0.002788,95,"216 "Tip Top Scallops"
"1468",0.002788,95,"1468 "Fort West Corn Chips"
"1157",0.002788,95,"1157 "Horatio Corn Chips"
"1071",0.002788,95,"1071 "High Quality Plastic Forks"
"203",0.002788,95,"203 "High Top Broccoli"
"1023",0.002788,95,"1023 "PigTail Frozen Pancakes"
"78",0.002788,95,"78 "Blue Medal Large Brown Eggs"
"1198",0.002788,95,"1198 "Musial White Chocolate Bar"
"1228",0.002788,95,"1228 "Plato Regular Coffee"
"609",0.002788,95,"609 "Landslide Pepper"
"585",0.002788,95,"585 "Colony Pumpernickel Bread"
"748",0.002788,95,"748 "Consolidated HCL Nasal Spray"
"77",0.002788,95,"77 "Blue Medal Small Brown Eggs"
"718",0.002788,95,"718 "Imagine Turkey TV Dinner"
"968",0.002788,95,"968 "Just Right Canned Tuna in Water"
"1138",0.002788,95,"1138 "Tri-State Fancy Plums"
"136",0.002788,95,"136 "Denny C-Size Batteries"
"214",0.002788,95,"214 "High Top Party Nuts"
"225",0.002788,95,"225 "Best Choice Potato Chips"
"1470",0.002788,95,"1470 "Fort West Sugar Cookies"
"543",0.002788,95,"543 "Fast Salsa Dip"
"679",0.002788,95,"679 "Gorilla Buttermilk"
"831",0.002788,95,"831 "Ebony Honey Dew"
"174",0.002788,95,"174 "High Top Sweet Peas"
"1433",0.002788,95,"1433 "Hermanos Garlic"
"1049",0.002788,95,"1049 "PigTail Frozen Chicken Wings"
"699",0.002759,94,"699 "Jumbo Small Brown Eggs"
"484",0.002759,94,"484 "Tell Tale Asparagus"
"1158",0.002759,94,"1158 "Horatio Low Fat BBQ Chips"
"180",0.002759,94,"180 "High Top Shitake Mushrooms"
"1121",0.002759,94,"1121 "Tri-State Red Pepper"
"8",0.002759,94,"8 "Washington Orange Juice"
"1305",0.002759,94,"1305 "Booker 2% Milk"
"752",0.002759,94,"752 "Consolidated Laundry Detergent"
"1051",0.002759,94,"1051 "Bird Call Silky Smooth Hair Conditioner"
"1014",0.002759,94,"1014 "American Sliced Chicken"
"962",0.002759,94,"962 "Just Right Regular Ramen Soup"
"1202",0.002759,94,"1202 "Colossal Thai Rice"
"1246",0.002759,94,"1246 "Plato Strawberry Preserves"
"249",0.002759,94,"249 "Best Choice Raisins"
"193",0.002759,94,"193 "High Top Limes"
"792",0.002759,94,"792 "Excel Monthly Fashion Magazine"
"1171",0.002759,94,"1171 "Horatio Avocado Dip"
"1032",0.002759,94,"1032 "PigTail Apple Cinnamon Waffles"
"1034",0.002759,94,"1034 "PigTail Turkey TV Dinner"
"62",0.002759,94,"62 "Club Blueberry Yogurt"
"1280",0.002759,94,"1280 "Pleasant Canned Tuna in Oil"
"1544",0.002759,94,"1544 "CDR Grape Preserves"
"120",0.002759,94,"120 "Faux Products Angled Toothbrush"
"81",0.002759,94,"81 "Blue Medal Egg Substitute"
"982",0.002759,94,"982 "Even Better Low Fat Sour Cream"
"68",0.002759,94,"68 "Red Spade Foot-Long Hot Dogs"
"721",0.002759,94,"721 "Imagine Pancake Mix"
"1555",0.002759,94,"1555 "CDR Strawberry Jam"
"705",0.002730,93,"705 "Imagine Orange Popsicles"
"535",0.002730,93,"535 "Fast Fudge Brownies"
"50",0.002730,93,"50 "Club Havarti Cheese"
"565",0.002730,93,"565 "Atomic Mint Chocolate Bar"
"1491",0.002730,93,"1491 "Fort West Frosted Cookies"
"191",0.002730,93,"191 "High Top Fresh Lima Beans"
"1533",0.002730,93,"1533 "CDR Chunky Peanut Butter"
"1054",0.002730,93,"1054 "Bird Call Toothpaste"
"582",0.002730,93,"582 "Walrus Chardonnay"
"1125",0.002730,93,"1125 "Tri-State Tomatos"
"1459",0.002730,93,"1459 "Hermanos Fuji Apples"
"1515",0.002730,93,"1515 "Top Measure Imported Beer"
"1493",0.002730,93,"1493 "Fort West Apple Fruit Roll"
"187",0.002730,93,"187 "High Top Tomatos"
"830",0.002730,93,"830 "Ebony Cantelope"
"1550",0.002730,93,"1550 "CDR Apple Butter"
"71",0.002730,93,"71 "Red Spade Roasted Chicken"
"397",0.002730,93,"397 "Big Time Low Fat French Fries"
"491",0.002730,93,"491 "Tell Tale Shitake Mushrooms"
"943",0.002730,93,"943 "Fabulous Diet Soda"
"1273",0.002730,93,"1273 "Pleasant Regular Ramen Soup"
"981",0.002730,93,"981 "Even Better Low Fat Cottage Cheese"
"488",0.002730,93,"488 "Tell Tale Prepared Salad"
"466",0.002730,93,"466 "Red Wing Frying Pan"
"613",0.002730,93,"613 "Landslide Oregano"
"1266",0.002730,93,"1266 "Pleasant Creamed Corn"
"912",0.002730,93,"912 "BBB Best Hot Chocolate"
"888",0.002730,93,"888 "Discover Ravioli"
"1021",0.002730,93,"1021 "PigTail Orange Popsicles"
"534",0.002730,93,"534 "Fast Fudge Cookies"
"156",0.002730,93,"156 "Denny Copper Cleaner"
"1240",0.002730,93,"1240 "Plato Oregano"
"234",0.002730,93,"234 "Best Choice Salted Pretzels"
"478",0.002730,93,"478 "Dollar Monthly Auto Magazine"
"16",0.002730,93,"16 "Blue Label Canned Beets"
"53",0.002730,93,"53 "Club Sharp Cheddar Cheese"
"607",0.002700,92,"607 "Landslide Columbian Coffee"
"3",0.002700,92,"3 "Washington Strawberry Drink"
"39",0.002700,92,"39 "Green Ribbon Canned Peaches"
"1519",0.002700,92,"1519 "Top Measure Merlot Wine"
"1524",0.002700,92,"1524 "Modell White Bread"
"1406",0.002700,92,"1406 "Sunset Bees Wax Candles"
"506",0.002700,92,"506 "Tell Tale Almonds"
"5",0.002700,92,"5 "Washington Diet Soda"
"1514",0.002700,92,"1514 "Jardon Rice Medly"
"548",0.002700,92,"548 "Fast Mini Donuts"
"630",0.002700,92,"630 "Token Orange Juice"
"72",0.002700,92,"72 "Red Spade Corned Beef"
"1013",0.002700,92,"1013 "American Potato Salad"
"1452",0.002700,92,"1452 "Hermanos Broccoli"
"43",0.002700,92,"43 "Club Low Fat Cottage Cheese"
"1527",0.002700,92,"1527 "Modell Cranberry Muffins"
"1254",0.002700,92,"1254 "Skinner Diet Soda"
"1535",0.002700,92,"1535 "CDR Brown Sugar"
"764",0.002700,92,"764 "Cormorant Toilet Bowl Cleaner"
"1286",0.002700,92,"1286 "Pleasant Rice Soup"
"461",0.002700,92,"461 "Red Wing Scented Tissue"
"1532",0.002700,92,"1532 "CDR Sesame Oil"
"1495",0.002700,92,"1495 "Fort West Raspberry Fruit Roll"
"101",0.002700,92,"101 "Golden Home Style French Fries"
"528",0.002700,92,"528 "Fast Low Fat Cookies"
"601",0.002700,92,"601 "Landslide Regular Coffee"
"886",0.002700,92,"886 "Monarch Thai Rice"
"530",0.002671,91,"530 "Fast Corn Chips"
"1098",0.002671,91,"1098 "High Quality Economy Toilet Brush"
"114",0.002671,91,"114 "Faux Products Tartar Control Toothpaste"
"61",0.002671,91,"61 "Club Strawberry Yogurt"
"217",0.002671,91,"217 "Best Choice Low Fat Cookies"
"559",0.002671,91,"559 "Fast Dried Dates"
"4",0.002671,91,"4 "Washington Cream Soda"
"1046",0.002671,91,"1046 "PigTail Frozen Peas"
"1122",0.002671,91,"1122 "Tri-State Garlic"
"17",0.002671,91,"17 "Blue Label Creamed Corn"
"37",0.002671,91,"37 "Blue Label Rice Soup"
"56",0.002671,91,"56 "Club 2% Milk"
"1114",0.002671,91,"1114 "Tri-State Beets"
"1502",0.002671,91,"1502 "Gulf Coast Tasty Candy Bar"
"18",0.002671,91,"18 "Blue Label Canned String Beans"
"181",0.002671,91,"181 "High Top Lettuce"
"2",0.002671,91,"2 "Washington Mango Drink"
"226",0.002671,91,"226 "Best Choice Lemon Cookies"
"1275",0.002671,91,"1275 "Pleasant Turkey Noodle Soup"
"648",0.002671,91,"648 "Bravo Turkey Noodle Soup"
"1068",0.002671,91,"1068 "Bird Call Laundry Detergent"
"1239",0.002642,90,"1239 "Plato Apple Butter"
"1088",0.002642,90,"1088 "High Quality Scented Tissue"
"945",0.002642,90,"945 "Fabulous Diet Cola"
"569",0.002642,90,"569 "Atomic Spicy Mints"
"625",0.002642,90,"625 "Token Strawberry Drink"
"242",0.002642,90,"242 "Best Choice Frosted Cookies"
"860",0.002642,90,"860 "Nationeel Beef Jerky"
"639",0.002642,90,"639 "Bravo Creamed Corn"
"84",0.002642,90,"84 "Golden Frozen Chicken Breast"
"1001",0.002642,90,"1001 "American Chicken Hot Dogs"
"1081",0.002642,90,"1081 "High Quality Counter Cleaner"
"561",0.002642,90,"561 "Fast Golden Raisins"
"743",0.002642,90,"743 "Consolidated Apricot Shampoo"
"1101",0.002642,90,"1101 "High Quality Screw Driver"
"75",0.002642,90,"75 "Red Spade Potato Salad"
"1176",0.002642,90,"1176 "Horatio Beef Jerky"
"495",0.002642,90,"495 "Tell Tale Garlic"
"1022",0.002642,90,"1022 "PigTail Frozen Chicken Breast"
"11",0.002642,90,"11 "Washington Apple Drink"
"1167",0.002642,90,"1167 "Horatio Buttered Popcorn"
"200",0.002642,90,"200 "High Top Fancy Plums"
"682",0.002642,90,"682 "Gorilla Whole Milk"
"1219",0.002642,90,"1219 "Sphinx Blueberry Muffins"
"584",0.002642,90,"584 "Walrus Light Beer"
"1203",0.002642,90,"1203 "Colossal Rice Medly"
"1250",0.002642,90,"1250 "Skinner Berry Juice"
"412",0.002642,90,"412 "Big Time Home Style French Fries"
"809",0.002642,90,"809 "Ebony Tomatos"
"536",0.002642,90,"536 "Fast Potato Chips"
"567",0.002612,89,"567 "Atomic Semi-Sweet Chocolate Bar"
"1330",0.002612,89,"1330 "Giant Egg Substitute"
"1160",0.002612,89,"1160 "Horatio Chocolate Chip Cookies"
"517",0.002612,89,"517 "Tell Tale Canned Peanuts"
"100",0.002612,89,"100 "Golden Grape Popsicles"
"590",0.002612,89,"590 "Colony Muffins"
"1294",0.002612,89,"1294 "Booker Sour Cream"
"10",0.002612,89,"10 "Washington Apple Juice"
"1061",0.002612,89,"1061 "Bird Call Buffered Aspirin"
"1175",0.002612,89,"1175 "Horatio Mini Donuts"
"90",0.002612,89,"90 "Golden Waffles"
"604",0.002612,89,"604 "Landslide Tomato Sauce"
"220",0.002612,89,"220 "Best Choice Low Fat BBQ Chips"
"160",0.002612,89,"160 "Denny Economy Toilet Brush"
"632",0.002612,89,"632 "Token Apple Juice"
"926",0.002612,89,"926 "BBB Best Low Fat Apple Butter"
"51",0.002612,89,"51 "Club Head Cheese"
"1080",0.002612,89,"1080 "High Quality Toilet Bowl Cleaner"
"651",0.002612,89,"651 "Bravo Chicken Ramen Soup"
"1164",0.002612,89,"1164 "Horatio Lemon Cookies"
"1469",0.002583,88,"1469 "Fort West Low Fat BBQ Chips"
"1116",0.002583,88,"1116 "Tri-State Onions"
"701",0.002583,88,"701 "Jumbo Small Eggs"
"1077",0.002583,88,"1077 "High Quality Paper Plates"
"556",0.002583,88,"556 "Fast Strawberry Fruit Roll"
"1074",0.002583,88,"1074 "High Quality C-Size Batteries"
"871",0.002583,88,"871 "Nationeel Raisins"
"472",0.002583,88,"472 "Red Wing Scissors"
"1458",0.002583,88,"1458 "Hermanos Honey Dew"
"507",0.002583,88,"507 "Tell Tale Macintosh Apples"
"970",0.002583,88,"970 "Just Right Large Canned Shrimp"
"1234",0.002583,88,"1234 "Plato Columbian Coffee"
"515",0.002583,88,"515 "Tell Tale Mandarin Oranges"
"154",0.002554,87,"154 "Denny Room Freshener"
"598",0.002554,87,"598 "Landslide White Sugar"
"1019",0.002554,87,"1019 "National Egg Substitute"
"852",0.002554,87,"852 "Nationeel No Salt Popcorn"
"579",0.002554,87,"579 "Walrus Chardonnay Wine"
"96",0.002554,87,"96 "Golden Turkey TV Dinner"
"766",0.002554,87,"766 "Cormorant Glass Cleaner"
"573",0.002554,87,"573 "Shady Lake Manicotti"
"36",0.002554,87,"36 "Blue Label Fancy Canned Sardines"
"800",0.002554,87,"800 "Ebony Onions"
"434",0.002554,87,"434 "Steady Buffered Aspirin"
"749",0.002554,87,"749 "Consolidated Dishwasher Detergent"
"966",0.002554,87,"966 "Just Right Canned Peas"
"34",0.002554,87,"34 "Blue Label Fancy Canned Clams"
"7",0.002554,87,"7 "Washington Diet Cola"
"251",0.002554,87,"251 "Best Choice Dried Apricots"
"170",0.002554,87,"170 "Robust Monthly Fashion Magazine"
"49",0.002554,87,"49 "Club Low Fat String Cheese"
"1457",0.002524,86,"1457 "Hermanos Cantelope"
"700",0.002524,86,"700 "Jumbo Large Brown Eggs"
"1551",0.002524,86,"1551 "CDR Oregano"
"1038",0.002524,86,"1038 "PigTail Grape Popsicles"
"736",0.002524,86,"736 "Consolidated Tartar Control Toothpaste"
"1269",0.002524,86,"1269 "Pleasant Canned Yams"
"116",0.002524,86,"116 "Faux Products Toothpaste"
"620",0.002524,86,"620 "Landslide Extra Chunky Peanut Butter"
"770",0.002524,86,"770 "Cormorant Paper Towels"
"574",0.002524,86,"574 "Shady Lake Spaghetti"
"640",0.002524,86,"640 "Bravo Canned String Beans"
"634",0.002524,86,"634 "Radius Oatmeal"
"40",0.002524,86,"40 "King Rosy Sunglasses"
"1542",0.002524,86,"1542 "CDR Tomato Sauce"
"499",0.002524,86,"499 "Tell Tale Mushrooms"
"670",0.002524,86,"670 "Gorilla String Cheese"
"489",0.002495,85,"489 "Tell Tale Onions"
"169",0.002495,85,"169 "Robust Monthly Home Magazine"
"1481",0.002495,85,"1481 "Fort West Salsa Dip"
"218",0.002495,85,"218 "Best Choice BBQ Potato Chips"
"1072",0.002495,85,"1072 "High Quality Plastic Spoons"
"91",0.002495,85,"91 "Golden Frozen Pepperoni Pizza"
"63",0.002495,85,"63 "Red Spade Chicken Hot Dogs"
"1079",0.002495,85,"1079 "High Quality 75 Watt Lightbulb"
"1439",0.002495,85,"1439 "Hermanos Dried Mushrooms"
"727",0.002466,84,"727 "Imagine Frozen Cauliflower"
"1086",0.002466,84,"1086 "High Quality Paper Towels"
"64",0.002466,84,"64 "Red Spade Pimento Loaf"
"566",0.002466,84,"566 "Atomic Malted Milk Balls"
"178",0.002466,84,"178 "High Top Onions"
"564",0.002466,84,"564 "Atomic Tasty Candy Bar"
"1517",0.002466,84,"1517 "Top Measure Chardonnay Wine"
"60",0.002466,84,"60 "Club Whole Milk"
"578",0.002466,84,"578 "Walrus Light Wine"
"257",0.002466,84,"257 "Choice Bubble Gum"
"1522",0.002466,84,"1522 "Top Measure Light Beer"
"1050",0.002466,84,"1050 "PigTail Lemon Popsicles"
"149",0.002466,84,"149 "Denny Soft Napkins"
"1148",0.002436,83,"1148 "Tri-State Fuji Apples"
"1558",0.002436,83,"1558 "CDR Extra Chunky Peanut Butter"
"621",0.002436,83,"621 "Landslide Apple Preserves"
"464",0.002436,83,"464 "Red Wing Scented Toilet Tissue"
"222",0.002436,83,"222 "Best Choice Chocolate Chip Cookies"
"1040",0.002436,83,"1040 "PigTail Lime Popsicles"
"1537",0.002436,83,"1537 "CDR French Roast Coffee"
"1410",0.002407,82,"1410 "Sunset Scissors"
"695",0.002407,82,"695 "Cutting Edge Sliced Turkey"
"591",0.002377,81,"591 "Colony Bagels"
"201",0.002377,81,"201 "High Top Plums"
"55",0.002348,80,"55 "Club Large Curd Cottage Cheese"
"42",0.002319,79,"42 "Queen City Map"
"1017",0.002319,79,"1017 "National Small Eggs"
"594",0.002319,79,"594 "Landslide Sesame Oil"
"614",0.002319,79,"614 "Landslide Apple Jelly"
"1249",0.002319,79,"1249 "Plato Grape Jelly"
"1267",0.002289,78,"1267 "Pleasant Canned String Beans"
"592",0.002289,78,"592 "Colony Blueberry Muffins"
"1117",0.002260,77,"1117 "Tri-State Green Pepper"
"1144",0.002231,76,"1144 "Tri-State Canned Peanuts"
"113",0.002231,76,"113 "Faux Products Silky Smooth Hair Conditioner"
"1464",0.002055,70,"1464 "Amigo Lox"
"1",0.001585,54,"1 "Washington Berry Juice"
"1559",0.001262,43,"1559 "CDR Apple Preserves"
"405;355",0.000352,12,"405 "Big Time Apple Cinnamon Waffles;355 "Carlson Low Fat Sour Cream"
"232;282",0.000323,11,"232 "Best Choice Salsa Dip;282 "Great Wheat Bread"
"1235;486",0.000323,11,"1235 "Plato Strawberry Jelly;486 "Tell Tale New Potatos"
"345;395",0.000294,10,"345 "Better Fancy Canned Clams;395 "Big Time Frozen Chicken Breast"
"132;498",0.000294,10,"132 "Denny 60 Watt Lightbulb;498 "Tell Tale Tomatos"
"132;1490",0.000294,10,"132 "Denny 60 Watt Lightbulb;1490 "Fort West Sesame Crackers"
